Workbook
Name FIID: 'IGR XoL'!$B$18
Name FIID_Deductible: 'IGR XoL'!$D$18
Name FIID_Limit: 'IGR XoL'!$C$18
Name FUL: 'IGR XoL'!$B$19
Name FUL_Deductible: 'IGR XoL'!$D$19
Name FUL_Limit: 'IGR XoL'!$C$19
Name Generic_Defect_Loss: [1]Parameters!$C$5
Name Generic_Defect_Loss: Summary!$P$3
Name Proton_Flare_InsLoss: [1]Parameters!$C$11
Name Proton_Flare_InsLoss: Summary!$P$9
Name QUARTER: _xlfn.LAMBDA(_xlpm.date, YEAR(_xlpm.date) & "Q" & ROUNDUP((MONTH(_xlpm.date))/3,0))
Name QUARTER: _xlfn.LAMBDA(_xlpm.date, YEAR(_xlpm.date) & "Q" & ROUNDUP((MONTH(_xlpm.date))/3,0))
Name QUARTER: _xlfn.LAMBDA(_xlpm.date, YEAR(_xlpm.date) & "Q" & ROUNDUP((MONTH(_xlpm.date))/3,0))
Name QUARTER: _xlfn.LAMBDA(_xlpm.date, YEAR(_xlpm.date) & "Q" & ROUNDUP((MONTH(_xlpm.date))/3,0))
Name QUARTER: _xlfn.LAMBDA(_xlpm.date, YEAR(_xlpm.date) & "Q" & ROUNDUP((MONTH(_xlpm.date))/3,0))
Name RDS_date: #REF!
Name Space_Debris_Loss: [1]Parameters!$C$8
Name Space_Debris_Loss: Summary!$P$6

Sheet RDS QA
B4: The following must be present in each RDS and be completed such that each control is a 'pass'.
B7: RDS Name | C7: Space RDS Q2 2024
B9: Data Updated | C9: 45490
B10: QA Updated | C10: 45490
B13: Overall QA Status | C13: {=IF(AND(G18:G26="Passing"),"Passing","Failing")} -> Passing
B17: Area | C17: Item | D17: Control | E17: Response | F17: If No, reason RDS is still valid | G17: QA Status
B18: Data Quality | C18: Prequel Policy Listing | D18: Is volume of data provided consistent with last quarter? | E18: Y | G18: =IF(OR(E18="y",AND(E18="n",F18<>"")),"Passing","Failing") -> Passing
D19: Do numercial fields used in calcuation appear reasonable? (ie no blanks, minimum & maximum values and dates within expected range) | E19: N | F19: Manual risks input due to no Seradata ID and layers signed exposure manually entered for Inmarsat Fleet (highlighted in control tab) | G19: =IF(OR(E19="y",AND(E19="n",F19<>"")),"Passing","Failing") -> Passing
C20: Other Policy Listings (ie from MGA or Line slip, not Prequel) | D20: Is volume of data provided consistent with last quarter? | E20: Y | G20: =IF(OR(E20="y",AND(E20="n",F20<>"")),"Passing","Failing") -> Passing
D21: Do numercial fields used in calcuation appear reasonable? (ie no blanks, minimum & maximum values and dates within expected range) | E21: Y | G21: =IF(OR(E21="y",AND(E21="n",F21<>"")),"Passing","Failing") -> Passing
D22: Is volume of data provided consistent with EPI under contract? | E22: Y | G22: =IF(OR(E22="y",AND(E22="n",F22<>"")),"Passing","Failing") -> Passing
C23: IGR | D23: IGR values are the latest for the quarter-end reporting period | E23: Y | G23: =IF(OR(E23="y",AND(E23="n",F23<>"")),"Passing","Failing") -> Passing
B24: Narrative of Change | C24: Compare RDS results with Prior Quarter | D24: Provide short narrative explaining why RDS results from current quarter differ from last | F24: • FIID Proton Flare decreased by 16.5% this quarter due to 1 layer coming off risk with exposure 1,747,627 (intelsat 236131) and only 1 layer on risk this quarter with exposure 370,112. • FIID Space Weather decreased by 19% this quarter as 1 layer has become off risk with exposure 34,952,537 and 1 layer has become on risk with exposure 7,402,233 (telenor Thor). Max exposed bus is still SSL. • FIID Generic Defect dropped by 37% this quarter due to 1 layer off risk with exposure 3,495,254 and 1 layer coming on risk with exposure 1,480,447. Exposure dropped by 7,875,029 due to risk period factor dropping for 7 layers. • • FIID Space Debris dropped by 34% as 2 layers came off risk with exposure 6,033,437, 1 policy was cancelled (Airbus Defence and Space SASTheos – 2) with exposure 4,601,308 and 2 layers came on risk with exposure 4,709,422. • No changes to FIHL max risk. FIID and FIBL max risk dropped by 3% as last quarters Intelsat L+1 max risk layer is now off risk, this quarters max risk is another Intelsat L+1 layer on the same program with reduced exposure of 1,002,745. • No RIPs apply • RI recoveries are as follows: o 127,472,356 external QS with travellers o 311,082,653 QS ceded to FIBL o 47,924,982 XoL ceded to FIBL | G24: =IF(F24<>"","Passing","Failing") -> Passing
B25: Methodology Documentation | C25: Documented methodology used | D25: Confirm RDS calculation methodology used is as described in latest documentation | E25: Y | G25: =IF(OR(E25="y",AND(E25="n",F25<>"")),"Passing","Failing") -> Passing
B26: Version Control | C26: Confirm material changes to calculation spreadsheet have been noted | D26: Have any material changes to calculation spreadsheet been noted in "Control Tab"? | E26: Y | G26: =IF(OR(E26="y",AND(E26="n",F26<>"")),"Passing","Failing") -> Passing

Sheet Control
B4: User | C4: Date | D4: Tab | E4: Change
B5: SC | C5: 44756 | D5: Stored_Proc | E5: Changed column BA to look up IGR values from new table ("tbl_IGRCessionsToFIBL").
B6: SC | C6: 44756 | D6: Stored_Proc | E6: Changed column CC so that it uses IGR values from column BA rather than hardcoded values which may not be correct for certain policies
B7: SC | C7: 44756 | D7: Stored_Proc | E7: Changed columns CL & CS to use IGR values from column BA rather than hardcoded values
B8: CM | C8: 45295 | D8: IGR | E8: Updated IGR cessions
B9: CM | C9: 45295 | D9: tbl_IGRCessionsToFIBL | E9: Updated IGR cessions
B10: CM | C10: 45295 | D10: Stored_Proc | E10: Updated columns BA:BF, BK, BP, BW, CG, CP, CW for new IGR cessions
B11: CM | C11: 45295 | D11: SES Fleet | E11: Removed as SES fleet did not renew this year
B12: CM | C12: 45295 | D12: Summary | E12: Updated for new IGR Cessions
B13: CM | C13: 45295 | D13: Bus Manufacturer | E13: Updated for new IGR Cessions

Sheet Input Data
AO5: 1 | AP5: 2 | AQ5: 3 | AR5: 4 | AS5: 5 | AT5: 6 | AU5: 7 | AV5: 8
AN6: Outwards LayerID: | AO6: 59904 | AP6: 75074 | AQ6: 145877 | AR6: 236123 | AS6: 342090 | AT6: 383251 | AU6: 439174
AN7: Inception: | AO7: 43739 | AP7: 43983 | AQ7: 44105 | AR7: 44562 | AS7: 44927 | AT7: 45292 | AU7: 45658 | AV7: 46023
AN8: Expiry: | AO8: 43982 | AP8: 44104 | AQ8: 44561 | AR8: 44926 | AS8: 45291 | AT8: 45657 | AU8: 46022 | AV8: 46387
O9: Months before Expiry | P9: Risk Factor | AG9: {=(SUMPRODUCT('Input Data'!$AK:$AK,'Input Data'!$P:$P,--('Input Data'!$K:$K="GEO-GSO"),--('Input Data'!$Q:$Q=1),--('Input Data'!$AL:$AL="FIID"))+SUMPRODUCT('Input Data'!$AK:$AK,'Input Data'!$P:$P,--('Input Data'!$K:$K="MEO"),--('Input Data'!$Q:$Q=1),--('Input Data'!$AL:$AL="FIID")))*Generic_Defect_Loss} -> 40212326 | AN9: Type: | AO9: QS | AP9: QS | AQ9: QS | AR9: QS | AS9: QS | AT9: QS | AU9: QS | AV9: QS
O10: 0 | P10: 0.2 | AN10: Basis: | AO10: RAD | AP10: RAD | AQ10: RAD | AR10: RAD | AS10: RAD | AT10: RAD | AU10: RAD | AV10: RAD
C11: Manual adjustments - in line with Q4 results | O11: 6 | P11: 0.4 | AC11: Changed the formyula slightly - as it was allowing negative months left on risk - which causes error in column AC | AD11: Could set the prarams as named range | AE11: Added IF Error set to 0% - to avoid errors due to the nulls | AN11: QS Cede: | AO11: 0.1176471 | AP11: 0.038461 | AQ11: 0.2 | AR11: 0.2 | AS11: 0.2 | AT11: 0.2 | AU11: 0.2 | AV11: 0.2
O12: 12 | P12: 0.6 | AC12: =YEAR(AC15) -> 2026 | AN12: Limit: | AU12: NULL
O13: 18 | P13: 0.8 | AI13: {=(SUMPRODUCT('Input Data'!$AK:$AK,'Input Data'!$AE:$AE,--('Input Data'!$K:$K="GEO-GSO"),--('Input Data'!$Q:$Q=1))+SUMPRODUCT('Input Data'!$AK:$AK,'Input Data'!$AE:$AE,--('Input Data'!$K:$K="MEO"),--('Input Data'!$Q:$Q=1))+SUMPRODUCT('Input Data'!$AK:$AK,'Input Data'!$AE:$AE,--('Input Data'!$K:$K="LEO"),--('Input Data'!$Q:$Q=1)))*Space_Debris_Loss} -> 1.0877165e+08 | AN13: Attach: | AU13: NULL
O14: 999 | P14: 1 | AK14: what is S/C ? | AN14: Notes: | AO14: Space QS | AP14: Space QS | AQ14: External QS | AR14: External QS | AS14: External QS | AT14: External QS | AU14: External QS | AV14: External QS | BY14: =Proton_Flare_InsLoss -> 0.05 | CI14: =SUM(CI$20:CI$46) -> 9.523399e+08 | CJ14: =SUM(CJ$20:CJ$46) -> 5.940582e+08 | CK14: =SUM(CK$20:CK$46) -> 3.582817e+08 | CM14: =SUM(CM20:CM46) -> 4.7525484e+08 | CN14: =SUM(CN20:CN39) -> 0
P15: Added the iferror to set to zero for off risk date before the as at date - unless these lines are deleted? | Q15: Not in the SQL data input | R15: Not in the SQL data input - what is 'BH'? Berkshire Hathaway | S15: Set equal to 'Coverage' - seems to be 3 lines where this is NULL for the last 2 quarters | T15: Seems to be NULL for all - except for when the program type is 'NULL' in which case this is 'BOUND' | AB15: As At Date | AC15: 46113 | AH15: This factor could be parameterised - rather than hard coded Also would make more sense if calcs flow from left to right - so 'Signed Exposure' should be before this column. | AI15: This column is pasted values/hard coded - where is this coming from? - mostly 1 but the bottom but goes up in sequence? | AK15: =SUMPRODUCT(AK20:AK157,AE20:AE157) -> 88845985 | BC15: why does this one only includes column AN - whereas the formula in column AY includes column AO too? - both columns are zero | BO15: Inconsistent formula - BL uses col AK for entity and BM uses column U for entity - but both columns should be the same? | BT15: Sum by Layer. | BY15: Holding Co has all the risks | CC15: After QS & XoL | CD15: What is the 0.2 hard coded value? | CI15: =SUMIFS($AK:$AK,$Q:$Q,1,$K:$K,"GEO-GSO") -> 9.5413938e+08 | CJ15: =SUMIFS($AK:$AK,$Q:$Q,1,$K:$K,"GEO-GSO",$AL:$AL,CJ$19) -> 5.9585768e+08 | CK15: =SUMIFS($AK:$AK,$Q:$Q,1,$K:$K,"GEO-GSO",$AL:$AL,CK$19) -> 3.582817e+08 | CM15: Why is this only to line 39? | CN15: What is the 0.2 hard coded value? | CY15: Does not inlcude LEO - but per the process doc - it said LEO is included?
P16: Don't forget to change as at date | AK16: =AK17-[3]Stored_Proc!$AG$17 -> 1.7130134e+08 | AL16: =AK16*0.05 -> 8565066.8 | BY16: =SUM(BY20:BY134) -> 39350459 | BZ16: =SUM(BZ20:BZ134) -> 21554022 | CA16: =SUM(CA20:CA134) -> 17796437 | CB16: =SUM(CB20:CB134) -> 0 | CC16: =SUM(CC20:CC134) -> 25903983 | CD16: =SUM(CD20:CD134) -> 0 | CE16: only to 135? | CH16: Check | CI16: =ABS(SUM(CI$20:CI$46)-SUMIFS($AK:$AK,$Q:$Q,1,$K:$K,"GEO-GSO"))<1 -> FALSE | CJ16: =ABS(SUM(CJ$20:CJ$46)-SUMIFS($AK:$AK,$Q:$Q,1,$K:$K,"GEO-GSO",$AL:$AL,CJ$19))<1 -> FALSE | CK16: =ABS(SUM(CK$20:CK$46)-SUMIFS($AK:$AK,$Q:$Q,1,$K:$K,"GEO-GSO",$AL:$AL,CK$19))<1 -> TRUE | CR16: =SUM(CR20:CR161) -> 1.1996322e+08 | CS16: =SUM(CS20:CS161) -> 80221489 | CT16: =SUM(CT20:CT161) -> 39741734 | CU16: =SUM(CU20:CU161) -> 0 | CV16: =SUM(CV20:CV161) -> 73891218 | CW16: =SUM(CW20:CW161) -> 0 | CY16: =SUM(CY20:CY161) -> 43360438 | CZ16: =SUM(CZ20:CZ161) -> 25564001 | DA16: =SUM(DA20:DA161) -> 17796437 | DB16: =SUM(DB20:DB161) -> 0 | DC16: =SUM(DC20:DC161) -> 27908972 | DD16: =SUM(DD20:DD161) -> 0
P17: WARNING - Stored Proc not working on Risk Period Factor. Paste formula below into First cell then drag down | AA17: =SUM(AA20:AA955) -> 1.1068011e+09 | AJ17: =SUMIFS($AA:$AA,$K:$K,"GEO-GSO",$Q:$Q,1) -> 9.5413938e+08 | AK17: =SUMIFS(AA:AA,K:K,"geo-gso",Q:Q,1) -> 9.5413938e+08 | AY17: =SUM(AY20:AY188) -> 2.2136022e+08 | BF17: =SUM(BF20:BF753) -> 8.8544086e+08
A18: =B20&"_"&C20 | P18: =INDEX($O$10:$O$14,MATCH(DATEDIF($AB$15,L20,"M"),$N$10:$N$14,1)) | AC18: =IF(J20="LEO",ROUNDUP(((L20-$AB$15)/30.5),0)*P20,0) | AH18: Multiplying exposure by 12.5/30 to get Syndicate equity share | AO18: Ext RI | BE18: New 2026Q1 | BO18: FUL | BP18: FIID | BY18: Proton Flare | CI18: Space Weather | CR18: Generic Defect | CY18: Space Debris
B19: ProgramId | C19: LayerId | E19: Coverage | F19: MonthsOnRisk | G19: SpacecraftId | H19: Launch Date | I19: Inception | J19: Expiry | K19: Orbit Category | L19: On_Risk_Date | M19: Off_Risk_Date | N19: Bus Manufacturer | O19: Prime Manufacturer | P19: Risk_Period_Factor | Q19: On_Risk_Flag | R19: BH_Applicable | S19: Program_Type | T19: Underwriting_Status | U19: Program_Name | V19: Entity | W19: Mapping_Code | X19: Spacecraft Name | Y19: Bus Family | Z19: Vehicle Family | AA19: Layer Signed Exposure | AC19: Months left on risk | AD19: Risk Period Factor Space Debris | AF19: Is Consortium | AG19: Equity Share % | AH19: Equity Share USD | AI19: LayerID OCC | AJ19: Signed Exposure USD | AK19: Per S/C | AL19: Entity | AM19: UW Year | AO19: 1 | AP19: 2 | AQ19: 3 | AR19: 4 | AS19: 5 | AT19: 6 | AU19: 7 | AV19: 8 | AW19: 9 | AX19: 10 | AY19: External QS | AZ19: Ext RI | BB19: Net of External QS | BC19: Ext RI | BD19: Included in Inwards S3123 QS | BE19: Inward S3123 QS | BF19: Net of External QS & Ext RI | BG19: QS IGR | BH19: QS FIBL Ceded | BI19: Net of QS IGR | BJ19: XoL FIBL Ceded | BK19: Total FIBL Ceded | BL19: Net of XoL IGR | BN19: Max Manufacturer | BO19: Max Manufacturer To FUL | BP19: Max Manufacturer To FIID | BQ19: Max Manufacturer to FIBL | BR19: Max Manufacturer to BH | BT19: Max Risk (FIHL) | BU19: Max Risk | BV19: Max Risk To FIBL | BW19: Max Risk To BH | BY19: FIHL | BZ19: FUL | CA19: FIID | CB19: FIBL Direct | CC19: FIBL Ceded | CD19: BH | CI19: FIHL | CJ19: FUL | CK19: FIID | CL19: FIBL Direct | CM19: FIBL Ceded | CN19: BH | CR19: FIHL | CS19: FUL | CT19: FIID | CU19: FIBL Direct | CV19: FIBL Ceded | CW19: BH | CY19: FIHL | CZ19: FUL | DA19: FIID | DB19: FIBL Direct | DC19: FIBL Ceded | DD19: BH
A20: =B20&"_"&C20 -> 344664_1 | B20: 344664 | C20: 1 | D20: =IFERROR(MATCH(C20,'[4]Custom Earning Pattern Not Popu'!$B$5:$B$428,0),"NA") -> NA | E20: Orbit | F20: 12 | G20: 15153 | H20: 45011 | I20: 45839 | J20: 46203 | K20: GEO-GSO | L20: 45839 | M20: 46203 | N20: Astrium Satellites SAS (Toulouse) (Part of EADS) | O20: Airbus Defence and Space (Toulouse) | P20: =IFERROR(INDEX($P$10:$P$14,MATCH(DATEDIF($AC$15,M20,"M"),$O$10:$O$14,1)),0) -> 0.2 | Q20: 1 | R20: 0 | S20: =E20 -> Orbit | T20: NULL | U20: Arabsat | V20: FUL | W20: ASO | X20: Arabsat BADR 8 | Y20: EUROSTAR E3000 | Z20: NULL | AA20: 25242749 | AC20: =IF(IF(K20="LEO",ROUNDUP(((M20-$AC$15)/30.5),0)*Q20,0)<0,0,IF(K20="LEO",ROUNDUP(((M20-$AC$15)/30.5),0)*Q20,0)) -> 0 | AD20: {=IF(AC20=0,0,INDEX(Summary!$S$4:$S$7,MATCH(AC20,Summary!$R$4:$R$7)+1))} -> 0 | AE20: =IFERROR(INDEX(Summary!$Y$4:$Y$6,MATCH('Input Data'!K20,Summary!$U$4:$U$6,0)),0) -> 0.05 | AF20: =IF(I20>=DATE(2024,7,1),TRUE,FALSE) -> TRUE | AG20: =IF(AF20,INDEX('IG Equity Share'!$B:$B,MATCH(YEAR(I20),'IG Equity Share'!$A:$A,0)),0) -> 0.075 | AH20: =AJ20*AG20*_xlfn.XLOOKUP(I20,'S3123 Consortium Share'!$A$3:$A$5,'S3123 Consortium Share'!$F$3:$F$5,,-1) -> 788835.92 | AI20: 1 | AJ20: =AA20 -> 25242749 | AK20: =AJ20/AI20*Q20 -> 25242749 | AL20: =V20 -> FUL | AM20: =YEAR(I20) -> 2025 | AN20: =INDEX('[2]Input Data'!$AH:$AH,MATCH(A20,'[2]Input Data'!$A:$A,0),1)-AH20 -> 0 | AO20: =+IF(AND($I20<=AO$8,$I20>=AO$7),$AK20*AO$11,0) -> 0 | AP20: =+IF(AND($I20<=AP$8,$I20>=AP$7),$AK20*AP$11,0) -> 0 | AQ20: =+IF(AND($I20<=AQ$8,$I20>=AQ$7),$AK20*AQ$11,0) -> 0 | AR20: =+IF(AND($I20<=AR$8,$I20>=AR$7),$AK20*AR$11,0) -> 0 | AS20: =+IF(AND($I20<=AS$8,$I20>=AS$7),$AK20*AS$11,0) -> 0 | AT20: =+IF(AND($I20<=AT$8,$I20>=AT$7),$AK20*AT$11,0) -> 0 | AU20: =+IF(AND($I20<=AU$8,$I20>=AU$7),$AK20*AU$11,0) -> 5048549.9 | AV20: =+IF(AND($I20<=AV$8,$I20>=AV$7),$AK20*AV$11,0) -> 0 | AY20: =SUM(AO20:AX20) -> 5048549.9 | AZ20: =+AO20+AP20 -> 0 | BB20: =+AK20-AY20 -> 20194200 | BC20: =SUM(AO20) -> 0 | BD20: =AND(AF20,NOT(ISNUMBER(MATCH(G20,Table1[Excluded Spacecraft ID],0)))) -> TRUE | BE20: =BD20*AK20*_xlfn.XLOOKUP(I20,Table2[Date From],Table2[Cession],"Error",-1)*_xlfn.XLOOKUP(I20,'S3123 Consortium Share'!$A$3:$A$5,'S3123 Consortium Share'!$F$3:$F$5,,-1) -> 2103562.5 | BF20: =+BB20-BC20 -> 20194200 | BG20: {=IF(V20="FIBL",0,INDEX('IGR QS'!$A$1:$D$570,MATCH('Input Data'!V20&'Input Data'!W20&'Input Data'!AM20,'IGR QS'!A:A&'IGR QS'!B:B&'IGR QS'!C:C,0),4))} -> 0.5 | BH20: =+BF20*BG20 -> 10097100 | BI20: =+BF20-BH20 -> 10097100 | BJ20: =IF(AND(V20=FIID,(BI20>FIID_Deductible)),MIN(BI20-FIID_Deductible,FIID_Limit),IF(AND(V20=FUL,(BI20>FUL_Deductible)),MIN(BI20-FUL_Deductible,FUL_Limit),0)) -> 0 | BK20: =BH20+BJ20 -> 10097100 | BL20: =+BI20-BJ20 -> 10097100 | BN20: =SUMIFS($BL:$BL,$N:$N,$N20,$Q:$Q,1) -> 17510967 | BO20: =SUMIFS($BL:$BL,$N:$N,$N20,$Q:$Q,1,$AL:$AL,$BO$18) -> 14332947 | BP20: =SUMIFS($BL:$BL,$N:$N,$N20,$V:$V,BP$18) -> 3178019.9 | BQ20: =SUMIFS($BK:$BK,$N:$N,$N20) -> 32341726 | BR20: =SUMIFS($AY:$AY,$N:$N,$N20) -> 12463173 | BT20: =SUMIFS($BF:$BF,$C:$C,$C20) -> 42889947 | BU20: =SUMIFS($BL:$BL,$C:$C,$C20) -> 15281915 | BV20: =SUMIFS($BK:$BK,$C:$C,$C20) -> 27608031 | BW20: =SUMIFS($AY:$AY,$C:$C,$C20) -> 10722487 | BY20: =IF($K20="GEO-GSO",$AK20*Proton_Flare_InsLoss,0)*Q20 -> 1262137.5 | BZ20: =IF(AND($K20="GEO-GSO",AL20="FUL"),$AK20*Proton_Flare_InsLoss,0)*$Q20 -> 1262137.5 | CA20: =IF(AND($K20="GEO-GSO",AL20="FIID"),$AK20*Proton_Flare_InsLoss,0)*$Q20 -> 0 | CB20: =IF(AND($K20="GEO-GSO",AL20="FIBL"),$AK20*Proton_Flare_InsLoss,0)*$Q20 -> 0 | CC20: =IF($K20="GEO-GSO",(AK20*BG20-BJ20)*Proton_Flare_InsLoss,0)*Q20 -> 631068.74 | CD20: =IF($K20="GEO-GSO",$AK20*Proton_Flare_InsLoss,0)*$Q20*$R20*0.2 -> 0 | CH20: {=_xlfn.UNIQUE($N$20:$N701)} -> Astrium Satellites SAS (Toulouse) (Part of EADS) | CI20: =SUMIFS($AK:$AK,$K:$K,"GEO-GSO",$N:$N,$CH20,$Q:$Q,1) -> 62315867 | CJ20: =SUMIFS($AK:$AK,$K:$K,"GEO-GSO",$N:$N,$CH20,$Q:$Q,1,$AL:$AL,CJ$19) -> 35832368 | CK20: =SUMIFS($AK:$AK,$K:$K,"GEO-GSO",$N:$N,$CH20,$Q:$Q,1,$AL:$AL,CK$19) -> 26483499 | CL20: =SUMIFS($AK:$AK,$K:$K,"GEO-GSO",$N:$N,$CH20,$Q:$Q,1,$AL:$AL,"FIBL") -> 0 | CM20: =SUMIFS($BK:$BK,$K:$K,"GEO-GSO",$N:$N,CH20,$Q:$Q,1) -> 32341726 | CN20: =SUMIFS($AK:$AK,$K:$K,"GEO-GSO",$N:$N,$CH20,$Q:$Q,1,$R:$R,1)*0.2 -> 0 | CR20: =IF(OR($K20="GEO-GSO",$K20="MEO"),$AK20*Generic_Defect_Loss,0)*$Q20*$P20 -> 2524274.9 | CS20: =IF(AND(OR($K20="GEO-GSO",$K20="MEO"),$AL20=CS$19),$AK20*Generic_Defect_Loss,0)*$Q20*$P20 -> 2524274.9 | CT20: =IF(AND(OR($K20="GEO-GSO",$K20="MEO"),$AL20=CT$19),$AK20*Generic_Defect_Loss,0)*$Q20*$P20 -> 0 | CU20: =IF(AND(OR($K20="GEO-GSO",$K20="MEO"),$AL20="FIBL"),$AK20*Generic_Defect_Loss,0)*$Q20*$P20 -> 0 | CV20: =IF(OR($K20="GEO-GSO",$K20="MEO"),($AK20*BG20-BJ20)*Generic_Defect_Loss,0)*$Q20*$P20 -> 1262137.5 | CW20: =IF(OR($K20="GEO-GSO",$K20="MEO"),$AK20*Generic_Defect_Loss,0)*$Q20*$P20*$R20*0.2 -> 0 | CY20: =IF(OR($K20="GEO-GSO",$K20="MEO"),$AK20*Space_Debris_Loss,0)*$Q20*$AE20 -> 1262137.5 | CZ20: =IF(AND(OR($K20="GEO-GSO",$K20="MEO"),$AL20=CZ$19),$AK20*Space_Debris_Loss,0)*$Q20*$AE20 -> 1262137.5 | DA20: =IF(AND(OR($K20="GEO-GSO",$K20="MEO",$K20="LEO"),$AL20=DA$19),$AK20*Space_Debris_Loss,0)*$Q20*$AE20 -> 0 | DB20: =IF(AND(OR($K20="GEO-GSO",$K20="MEO"),$AL20="FIBL"),$AK20*Space_Debris_Loss,0)*$Q20*$AE20 -> 0 | DC20: =IF(OR($K20="GEO-GSO",$K20="MEO"),($AK20*BG20-BJ20)*Space_Debris_Loss,0)*$Q20*$AE20 -> 631068.74 | DD20: =IF(OR($K20="GEO-GSO",$K20="MEO"),$AK20*1,0)*$Q20*$AE20*$R20*0.2 -> 0
A21: =B21&"_"&C21 -> 344664_2 | B21: 344664 | C21: 2 | D21: =IFERROR(MATCH(C21,'[4]Custom Earning Pattern Not Popu'!$B$5:$B$428,0),"NA") -> NA | E21: Orbit | F21: 12 | G21: 8249 | H21: 43566 | I21: 45839 | J21: 45869 | K21: GEO-GSO | L21: 45839 | M21: 46203 | N21: Astrium Satellites SAS (Toulouse) (Part of EADS) | O21: Astrium Satellites SAS (Toulouse) (Part of EADS) | P21: =IFERROR(INDEX($P$10:$P$14,MATCH(DATEDIF($AC$15,M21,"M"),$O$10:$O$14,1)),0) -> 0.2 | Q21: 1 | R21: 0 | S21: =E21 -> Orbit | T21: NULL | U21: Arabsat | V21: FUL | W21: ASO | X21: Arabsat 5A | Y21: EUROSTAR E3000 | Z21: NULL | AA21: 102523.91 | AC21: =IF(IF(K21="LEO",ROUNDUP(((M21-$AC$15)/30.5),0)*Q21,0)<0,0,IF(K21="LEO",ROUNDUP(((M21-$AC$15)/30.5),0)*Q21,0)) -> 0 | AD21: {=IF(AC21=0,0,INDEX(Summary!$S$4:$S$7,MATCH(AC21,Summary!$R$4:$R$7)+1))} -> 0 | AE21: =IFERROR(INDEX(Summary!$Y$4:$Y$6,MATCH('Input Data'!K21,Summary!$U$4:$U$6,0)),0) -> 0.05 | AF21: =IF(I21>=DATE(2024,7,1),TRUE,FALSE) -> TRUE | AG21: =IF(AF21,INDEX('IG Equity Share'!$B:$B,MATCH(YEAR(I21),'IG Equity Share'!$A:$A,0)),0) -> 0.075 | AH21: =AJ21*AG21*_xlfn.XLOOKUP(I21,'S3123 Consortium Share'!$A$3:$A$5,'S3123 Consortium Share'!$F$3:$F$5,,-1) -> 3203.8723 | AI21: 1 | AJ21: =AA21 -> 102523.91 | AK21: =AJ21/AI21*Q21 -> 102523.91 | AL21: =V21 -> FUL | AM21: =YEAR(I21) -> 2025 | AO21: =+IF(AND($I21<=AO$8,$I21>=AO$7),$AK21*AO$11,0) -> 0 | AP21: =+IF(AND($I21<=AP$8,$I21>=AP$7),$AK21*AP$11,0) -> 0 | AQ21: =+IF(AND($I21<=AQ$8,$I21>=AQ$7),$AK21*AQ$11,0) -> 0 | AR21: =+IF(AND($I21<=AR$8,$I21>=AR$7),$AK21*AR$11,0) -> 0 | AS21: =+IF(AND($I21<=AS$8,$I21>=AS$7),$AK21*AS$11,0) -> 0 | AT21: =+IF(AND($I21<=AT$8,$I21>=AT$7),$AK21*AT$11,0) -> 0 | AU21: =+IF(AND($I21<=AU$8,$I21>=AU$7),$AK21*AU$11,0) -> 20504.783 | AV21: =+IF(AND($I21<=AV$8,$I21>=AV$7),$AK21*AV$11,0) -> 0 | AY21: =SUM(AO21:AX21) -> 20504.783 | AZ21: =+AO21+AP21 -> 0 | BB21: =+AK21-AY21 -> 82019.131 | BC21: =SUM(AO21) -> 0 | BD21: =AND(AF21,NOT(ISNUMBER(MATCH(G21,Table1[Excluded Spacecraft ID],0)))) -> TRUE | BE21: =BD21*AK21*_xlfn.XLOOKUP(I21,Table2[Date From],Table2[Cession],"Error",-1)*_xlfn.XLOOKUP(I21,'S3123 Consortium Share'!$A$3:$A$5,'S3123 Consortium Share'!$F$3:$F$5,,-1) -> 8543.6594 | BF21: =+BB21-BC21 -> 82019.131 | BG21: {=IF(V21="FIBL",0,INDEX('IGR QS'!$A$1:$D$570,MATCH('Input Data'!V21&'Input Data'!W21&'Input Data'!AM21,'IGR QS'!A:A&'IGR QS'!B:B&'IGR QS'!C:C,0),4))} -> 0.5 | BH21: =+BF21*BG21 -> 41009.565 | BI21: =+BF21-BH21 -> 41009.565 | BJ21: =IF(AND(V21=FIID,(BI21>FIID_Deductible)),MIN(BI21-FIID_Deductible,FIID_Limit),IF(AND(V21=FUL,(BI21>FUL_Deductible)),MIN(BI21-FUL_Deductible,FUL_Limit),0)) -> 0 | BK21: =BH21+BJ21 -> 41009.565 | BL21: =+BI21-BJ21 -> 41009.565 | BN21: =SUMIFS($BL:$BL,$N:$N,$N21,$Q:$Q,1) -> 17510967 | BO21: =SUMIFS($BL:$BL,$N:$N,$N21,$Q:$Q,1,$AL:$AL,$BO$18) -> 14332947 | BP21: =SUMIFS($BL:$BL,$N:$N,$N21,$V:$V,BP$18) -> 3178019.9 | BQ21: =SUMIFS($BK:$BK,$N:$N,$N21) -> 32341726 | BR21: =SUMIFS($AY:$AY,$N:$N,$N21) -> 12463173 | BT21: =SUMIFS($BF:$BF,$C:$C,$C21) -> 7958953.7 | BU21: =SUMIFS($BL:$BL,$C:$C,$C21) -> 2365642.5 | BV21: =SUMIFS($BK:$BK,$C:$C,$C21) -> 5593311.1 | BW21: =SUMIFS($AY:$AY,$C:$C,$C21) -> 1989738.4 | BY21: =IF($K21="GEO-GSO",$AK21*Proton_Flare_InsLoss,0)*Q21 -> 5126.1957 | BZ21: =IF(AND($K21="GEO-GSO",AL21="FUL"),$AK21*Proton_Flare_InsLoss,0)*$Q21 -> 5126.1957 | CA21: =IF(AND($K21="GEO-GSO",AL21="FIID"),$AK21*Proton_Flare_InsLoss,0)*$Q21 -> 0 | CB21: =IF(AND($K21="GEO-GSO",AL21="FIBL"),$AK21*Proton_Flare_InsLoss,0)*$Q21 -> 0 | CC21: =IF($K21="GEO-GSO",(AK21*BG21-BJ21)*Proton_Flare_InsLoss,0)*Q21 -> 2563.0978 | CD21: =IF($K21="GEO-GSO",$AK21*Proton_Flare_InsLoss,0)*$Q21*$R21*0.2 -> 0 | CH21: Airbus Defence and Space (Toulouse) | CI21: =SUMIFS($AK:$AK,$K:$K,"GEO-GSO",$N:$N,$CH21,$Q:$Q,1) -> 2.4905578e+08 | CJ21: =SUMIFS($AK:$AK,$K:$K,"GEO-GSO",$N:$N,$CH21,$Q:$Q,1,$AL:$AL,CJ$19) -> 1.2260773e+08 | CK21: =SUMIFS($AK:$AK,$K:$K,"GEO-GSO",$N:$N,$CH21,$Q:$Q,1,$AL:$AL,CK$19) -> 1.2644805e+08 | CL21: =SUMIFS($AK:$AK,$K:$K,"GEO-GSO",$N:$N,$CH21,$Q:$Q,1,$AL:$AL,"FIBL") -> 0 | CM21: =SUMIFS($BK:$BK,$K:$K,"GEO-GSO",$N:$N,CH21,$Q:$Q,1) -> 1.3502776e+08 | CN21: =SUMIFS($AK:$AK,$K:$K,"GEO-GSO",$N:$N,$CH21,$Q:$Q,1,$R:$R,1)*0.2 -> 0 | CR21: =IF(OR($K21="GEO-GSO",$K21="MEO"),$AK21*Generic_Defect_Loss,0)*$Q21*$P21 -> 10252.391 | CS21: =IF(AND(OR($K21="GEO-GSO",$K21="MEO"),$AL21=CS$19),$AK21*Generic_Defect_Loss,0)*$Q21*$P21 -> 10252.391 | CT21: =IF(AND(OR($K21="GEO-GSO",$K21="MEO"),$AL21=CT$19),$AK21*Generic_Defect_Loss,0)*$Q21*$P21 -> 0 | CU21: =IF(AND(OR($K21="GEO-GSO",$K21="MEO"),$AL21="FIBL"),$AK21*Generic_Defect_Loss,0)*$Q21*$P21 -> 0 | CV21: =IF(OR($K21="GEO-GSO",$K21="MEO"),($AK21*BG21-BJ21)*Generic_Defect_Loss,0)*$Q21*$P21 -> 5126.1957 | CW21: =IF(OR($K21="GEO-GSO",$K21="MEO"),$AK21*Generic_Defect_Loss,0)*$Q21*$P21*$R21*0.2 -> 0 | CY21: =IF(OR($K21="GEO-GSO",$K21="MEO"),$AK21*Space_Debris_Loss,0)*$Q21*$AE21 -> 5126.1957 | CZ21: =IF(AND(OR($K21="GEO-GSO",$K21="MEO"),$AL21=CZ$19),$AK21*Space_Debris_Loss,0)*$Q21*$AE21 -> 5126.1957 | DA21: =IF(AND(OR($K21="GEO-GSO",$K21="MEO",$K21="LEO"),$AL21=DA$19),$AK21*Space_Debris_Loss,0)*$Q21*$AE21 -> 0 | DB21: =IF(AND(OR($K21="GEO-GSO",$K21="MEO"),$AL21="FIBL"),$AK21*Space_Debris_Loss,0)*$Q21*$AE21 -> 0 | DC21: =IF(OR($K21="GEO-GSO",$K21="MEO"),($AK21*BG21-BJ21)*Space_Debris_Loss,0)*$Q21*$AE21 -> 2563.0978 | DD21: =IF(OR($K21="GEO-GSO",$K21="MEO"),$AK21*1,0)*$Q21*$AE21*$R21*0.2 -> 0
A22: =B22&"_"&C22 -> 344664_3 | B22: 344664 | C22: 3 | D22: =IFERROR(MATCH(C22,'[4]Custom Earning Pattern Not Popu'!$B$5:$B$428,0),"NA") -> NA | E22: Orbit | F22: 12 | G22: 8250 | H22: 41223 | I22: 45839 | J22: 46203 | K22: GEO-GSO | L22: 45839 | M22: 46203 | N22: Astrium Satellites SAS (Toulouse) (Part of EADS) | O22: Astrium Satellites SAS (Toulouse) (Part of EADS) | P22: =IFERROR(INDEX($P$10:$P$14,MATCH(DATEDIF($AC$15,M22,"M"),$O$10:$O$14,1)),0) -> 0.2 | Q22: 1 | R22: 0 | S22: =E22 -> Orbit | T22: NULL | U22: Arabsat | V22: FUL | W22: ASO | X22: Arabsat 5B | Y22: EUROSTAR E3000 | Z22: NULL | AA22: 5146207.5 | AC22: =IF(IF(K22="LEO",ROUNDUP(((M22-$AC$15)/30.5),0)*Q22,0)<0,0,IF(K22="LEO",ROUNDUP(((M22-$AC$15)/30.5),0)*Q22,0)) -> 0 | AD22: {=IF(AC22=0,0,INDEX(Summary!$S$4:$S$7,MATCH(AC22,Summary!$R$4:$R$7)+1))} -> 0 | AE22: =IFERROR(INDEX(Summary!$Y$4:$Y$6,MATCH('Input Data'!K22,Summary!$U$4:$U$6,0)),0) -> 0.05 | AF22: =IF(I22>=DATE(2024,7,1),TRUE,FALSE) -> TRUE | AG22: =IF(AF22,INDEX('IG Equity Share'!$B:$B,MATCH(YEAR(I22),'IG Equity Share'!$A:$A,0)),0) -> 0.075 | AH22: =AJ22*AG22*_xlfn.XLOOKUP(I22,'S3123 Consortium Share'!$A$3:$A$5,'S3123 Consortium Share'!$F$3:$F$5,,-1) -> 160818.98 | AI22: 1 | AJ22: =AA22 -> 5146207.5 | AK22: =AJ22/AI22*Q22 -> 5146207.5 | AL22: =V22 -> FUL | AM22: =YEAR(I22) -> 2025 | AO22: =+IF(AND($I22<=AO$8,$I22>=AO$7),$AK22*AO$11,0) -> 0 | AP22: =+IF(AND($I22<=AP$8,$I22>=AP$7),$AK22*AP$11,0) -> 0 | AQ22: =+IF(AND($I22<=AQ$8,$I22>=AQ$7),$AK22*AQ$11,0) -> 0 | AR22: =+IF(AND($I22<=AR$8,$I22>=AR$7),$AK22*AR$11,0) -> 0 | AS22: =+IF(AND($I22<=AS$8,$I22>=AS$7),$AK22*AS$11,0) -> 0 | AT22: =+IF(AND($I22<=AT$8,$I22>=AT$7),$AK22*AT$11,0) -> 0 | AU22: =+IF(AND($I22<=AU$8,$I22>=AU$7),$AK22*AU$11,0) -> 1029241.5 | AV22: =+IF(AND($I22<=AV$8,$I22>=AV$7),$AK22*AV$11,0) -> 0 | AY22: =SUM(AO22:AX22) -> 1029241.5 | AZ22: =+AO22+AP22 -> 0 | BB22: =+AK22-AY22 -> 4116966 | BC22: =SUM(AO22) -> 0 | BD22: =AND(AF22,NOT(ISNUMBER(MATCH(G22,Table1[Excluded Spacecraft ID],0)))) -> TRUE | BE22: =BD22*AK22*_xlfn.XLOOKUP(I22,Table2[Date From],Table2[Cession],"Error",-1)*_xlfn.XLOOKUP(I22,'S3123 Consortium Share'!$A$3:$A$5,'S3123 Consortium Share'!$F$3:$F$5,,-1) -> 428850.62 | BF22: =+BB22-BC22 -> 4116966 | BG22: {=IF(V22="FIBL",0,INDEX('IGR QS'!$A$1:$D$570,MATCH('Input Data'!V22&'Input Data'!W22&'Input Data'!AM22,'IGR QS'!A:A&'IGR QS'!B:B&'IGR QS'!C:C,0),4))} -> 0.5 | BH22: =+BF22*BG22 -> 2058483 | BI22: =+BF22-BH22 -> 2058483 | BJ22: =IF(AND(V22=FIID,(BI22>FIID_Deductible)),MIN(BI22-FIID_Deductible,FIID_Limit),IF(AND(V22=FUL,(BI22>FUL_Deductible)),MIN(BI22-FUL_Deductible,FUL_Limit),0)) -> 0 | BK22: =BH22+BJ22 -> 2058483 | BL22: =+BI22-BJ22 -> 2058483 | BN22: =SUMIFS($BL:$BL,$N:$N,$N22,$Q:$Q,1) -> 17510967 | BO22: =SUMIFS($BL:$BL,$N:$N,$N22,$Q:$Q,1,$AL:$AL,$BO$18) -> 14332947 | BP22: =SUMIFS($BL:$BL,$N:$N,$N22,$V:$V,BP$18) -> 3178019.9 | BQ22: =SUMIFS($BK:$BK,$N:$N,$N22) -> 32341726 | BR22: =SUMIFS($AY:$AY,$N:$N,$N22) -> 12463173 | BT22: =SUMIFS($BF:$BF,$C:$C,$C22) -> 14303554 | BU22: =SUMIFS($BL:$BL,$C:$C,$C22) -> 5429275.4 | BV22: =SUMIFS($BK:$BK,$C:$C,$C22) -> 8874279 | BW22: =SUMIFS($AY:$AY,$C:$C,$C22) -> 3575888.6 | BY22: =IF($K22="GEO-GSO",$AK22*Proton_Flare_InsLoss,0)*Q22 -> 257310.37 | BZ22: =IF(AND($K22="GEO-GSO",AL22="FUL"),$AK22*Proton_Flare_InsLoss,0)*$Q22 -> 257310.37 | CA22: =IF(AND($K22="GEO-GSO",AL22="FIID"),$AK22*Proton_Flare_InsLoss,0)*$Q22 -> 0 | CB22: =IF(AND($K22="GEO-GSO",AL22="FIBL"),$AK22*Proton_Flare_InsLoss,0)*$Q22 -> 0 | CC22: =IF($K22="GEO-GSO",(AK22*BG22-BJ22)*Proton_Flare_InsLoss,0)*Q22 -> 128655.19 | CD22: =IF($K22="GEO-GSO",$AK22*Proton_Flare_InsLoss,0)*$Q22*$R22*0.2 -> 0 | CH22: Lockheed Martin Commercial Space Systems | CI22: =SUMIFS($AK:$AK,$K:$K,"GEO-GSO",$N:$N,$CH22,$Q:$Q,1) -> 36786707 | CJ22: =SUMIFS($AK:$AK,$K:$K,"GEO-GSO",$N:$N,$CH22,$Q:$Q,1,$AL:$AL,CJ$19) -> 36786707 | CK22: =SUMIFS($AK:$AK,$K:$K,"GEO-GSO",$N:$N,$CH22,$Q:$Q,1,$AL:$AL,CK$19) -> 0 | CL22: =SUMIFS($AK:$AK,$K:$K,"GEO-GSO",$N:$N,$CH22,$Q:$Q,1,$AL:$AL,"FIBL") -> 0 | CM22: =SUMIFS($BK:$BK,$K:$K,"GEO-GSO",$N:$N,CH22,$Q:$Q,1) -> 14714683 | CN22: =SUMIFS($AK:$AK,$K:$K,"GEO-GSO",$N:$N,$CH22,$Q:$Q,1,$R:$R,1)*0.2 -> 0 | CR22: =IF(OR($K22="GEO-GSO",$K22="MEO"),$AK22*Generic_Defect_Loss,0)*$Q22*$P22 -> 514620.75 | CS22: =IF(AND(OR($K22="GEO-GSO",$K22="MEO"),$AL22=CS$19),$AK22*Generic_Defect_Loss,0)*$Q22*$P22 -> 514620.75 | CT22: =IF(AND(OR($K22="GEO-GSO",$K22="MEO"),$AL22=CT$19),$AK22*Generic_Defect_Loss,0)*$Q22*$P22 -> 0 | CU22: =IF(AND(OR($K22="GEO-GSO",$K22="MEO"),$AL22="FIBL"),$AK22*Generic_Defect_Loss,0)*$Q22*$P22 -> 0 | CV22: =IF(OR($K22="GEO-GSO",$K22="MEO"),($AK22*BG22-BJ22)*Generic_Defect_Loss,0)*$Q22*$P22 -> 257310.37 | CW22: =IF(OR($K22="GEO-GSO",$K22="MEO"),$AK22*Generic_Defect_Loss,0)*$Q22*$P22*$R22*0.2 -> 0 | CY22: =IF(OR($K22="GEO-GSO",$K22="MEO"),$AK22*Space_Debris_Loss,0)*$Q22*$AE22 -> 257310.37 | CZ22: =IF(AND(OR($K22="GEO-GSO",$K22="MEO"),$AL22=CZ$19),$AK22*Space_Debris_Loss,0)*$Q22*$AE22 -> 257310.37 | DA22: =IF(AND(OR($K22="GEO-GSO",$K22="MEO",$K22="LEO"),$AL22=DA$19),$AK22*Space_Debris_Loss,0)*$Q22*$AE22 -> 0 | DB22: =IF(AND(OR($K22="GEO-GSO",$K22="MEO"),$AL22="FIBL"),$AK22*Space_Debris_Loss,0)*$Q22*$AE22 -> 0 | DC22: =IF(OR($K22="GEO-GSO",$K22="MEO"),($AK22*BG22-BJ22)*Space_Debris_Loss,0)*$Q22*$AE22 -> 128655.19 | DD22: =IF(OR($K22="GEO-GSO",$K22="MEO"),$AK22*1,0)*$Q22*$AE22*$R22*0.2 -> 0
A23: =B23&"_"&C23 -> 344664_4 | B23: 344664 | C23: 4 | D23: =IFERROR(MATCH(C23,'[4]Custom Earning Pattern Not Popu'!$B$5:$B$428,0),"NA") -> NA | E23: Orbit | F23: 12 | G23: 8785 | H23: 41246 | I23: 45839 | J23: 46203 | K23: GEO-GSO | L23: 45839 | M23: 46203 | N23: Astrium Satellites SAS (Toulouse) (Part of EADS) | O23: Astrium Satellites SAS (Toulouse) (Part of EADS) | P23: =IFERROR(INDEX($P$10:$P$14,MATCH(DATEDIF($AC$15,M23,"M"),$O$10:$O$14,1)),0) -> 0.2 | Q23: 1 | R23: 0 | S23: =E23 -> Orbit | T23: NULL | U23: Arabsat | V23: FUL | W23: ASO | X23: Arabsat 5C | Y23: EUROSTAR E3000 | Z23: NULL | AA23: 819140.01 | AC23: =IF(IF(K23="LEO",ROUNDUP(((M23-$AC$15)/30.5),0)*Q23,0)<0,0,IF(K23="LEO",ROUNDUP(((M23-$AC$15)/30.5),0)*Q23,0)) -> 0 | AD23: {=IF(AC23=0,0,INDEX(Summary!$S$4:$S$7,MATCH(AC23,Summary!$R$4:$R$7)+1))} -> 0 | AE23: =IFERROR(INDEX(Summary!$Y$4:$Y$6,MATCH('Input Data'!K23,Summary!$U$4:$U$6,0)),0) -> 0.05 | AF23: =IF(I23>=DATE(2024,7,1),TRUE,FALSE) -> TRUE | AG23: =IF(AF23,INDEX('IG Equity Share'!$B:$B,MATCH(YEAR(I23),'IG Equity Share'!$A:$A,0)),0) -> 0.075 | AH23: =AJ23*AG23*_xlfn.XLOOKUP(I23,'S3123 Consortium Share'!$A$3:$A$5,'S3123 Consortium Share'!$F$3:$F$5,,-1) -> 25598.125 | AI23: 1 | AJ23: =AA23 -> 819140.01 | AK23: =AJ23/AI23*Q23 -> 819140.01 | AL23: =V23 -> FUL | AM23: =YEAR(I23) -> 2025 | AO23: =+IF(AND($I23<=AO$8,$I23>=AO$7),$AK23*AO$11,0) -> 0 | AP23: =+IF(AND($I23<=AP$8,$I23>=AP$7),$AK23*AP$11,0) -> 0 | AQ23: =+IF(AND($I23<=AQ$8,$I23>=AQ$7),$AK23*AQ$11,0) -> 0 | AR23: =+IF(AND($I23<=AR$8,$I23>=AR$7),$AK23*AR$11,0) -> 0 | AS23: =+IF(AND($I23<=AS$8,$I23>=AS$7),$AK23*AS$11,0) -> 0 | AT23: =+IF(AND($I23<=AT$8,$I23>=AT$7),$AK23*AT$11,0) -> 0 | AU23: =+IF(AND($I23<=AU$8,$I23>=AU$7),$AK23*AU$11,0) -> 163828 | AV23: =+IF(AND($I23<=AV$8,$I23>=AV$7),$AK23*AV$11,0) -> 0 | AY23: =SUM(AO23:AX23) -> 163828 | AZ23: =+AO23+AP23 -> 0 | BB23: =+AK23-AY23 -> 655312 | BC23: =SUM(AO23) -> 0 | BD23: =AND(AF23,NOT(ISNUMBER(MATCH(G23,Table1[Excluded Spacecraft ID],0)))) -> TRUE | BE23: =BD23*AK23*_xlfn.XLOOKUP(I23,Table2[Date From],Table2[Cession],"Error",-1)*_xlfn.XLOOKUP(I23,'S3123 Consortium Share'!$A$3:$A$5,'S3123 Consortium Share'!$F$3:$F$5,,-1) -> 68261.667 | BF23: =+BB23-BC23 -> 655312 | BG23: {=IF(V23="FIBL",0,INDEX('IGR QS'!$A$1:$D$570,MATCH('Input Data'!V23&'Input Data'!W23&'Input Data'!AM23,'IGR QS'!A:A&'IGR QS'!B:B&'IGR QS'!C:C,0),4))} -> 0.5 | BH23: =+BF23*BG23 -> 327656 | BI23: =+BF23-BH23 -> 327656 | BJ23: =IF(AND(V23=FIID,(BI23>FIID_Deductible)),MIN(BI23-FIID_Deductible,FIID_Limit),IF(AND(V23=FUL,(BI23>FUL_Deductible)),MIN(BI23-FUL_Deductible,FUL_Limit),0)) -> 0 | BK23: =BH23+BJ23 -> 327656 | BL23: =+BI23-BJ23 -> 327656 | BN23: =SUMIFS($BL:$BL,$N:$N,$N23,$Q:$Q,1) -> 17510967 | BO23: =SUMIFS($BL:$BL,$N:$N,$N23,$Q:$Q,1,$AL:$AL,$BO$18) -> 14332947 | BP23: =SUMIFS($BL:$BL,$N:$N,$N23,$V:$V,BP$18) -> 3178019.9 | BQ23: =SUMIFS($BK:$BK,$N:$N,$N23) -> 32341726 | BR23: =SUMIFS($AY:$AY,$N:$N,$N23) -> 12463173 | BT23: =SUMIFS($BF:$BF,$C:$C,$C23) -> 15269337 | BU23: =SUMIFS($BL:$BL,$C:$C,$C23) -> 3749450.5 | BV23: =SUMIFS($BK:$BK,$C:$C,$C23) -> 11519887 | BW23: =SUMIFS($AY:$AY,$C:$C,$C23) -> 3817334.3 | BY23: =IF($K23="GEO-GSO",$AK23*Proton_Flare_InsLoss,0)*Q23 -> 40957 | BZ23: =IF(AND($K23="GEO-GSO",AL23="FUL"),$AK23*Proton_Flare_InsLoss,0)*$Q23 -> 40957 | CA23: =IF(AND($K23="GEO-GSO",AL23="FIID"),$AK23*Proton_Flare_InsLoss,0)*$Q23 -> 0 | CB23: =IF(AND($K23="GEO-GSO",AL23="FIBL"),$AK23*Proton_Flare_InsLoss,0)*$Q23 -> 0 | CC23: =IF($K23="GEO-GSO",(AK23*BG23-BJ23)*Proton_Flare_InsLoss,0)*Q23 -> 20478.5 | CD23: =IF($K23="GEO-GSO",$AK23*Proton_Flare_InsLoss,0)*$Q23*$R23*0.2 -> 0 | CH23: Airbus Defence and Space | CI23: =SUMIFS($AK:$AK,$K:$K,"GEO-GSO",$N:$N,$CH23,$Q:$Q,1) -> 19814782 | CJ23: =SUMIFS($AK:$AK,$K:$K,"GEO-GSO",$N:$N,$CH23,$Q:$Q,1,$AL:$AL,CJ$19) -> 0 | CK23: =SUMIFS($AK:$AK,$K:$K,"GEO-GSO",$N:$N,$CH23,$Q:$Q,1,$AL:$AL,CK$19) -> 19814782 | CL23: =SUMIFS($AK:$AK,$K:$K,"GEO-GSO",$N:$N,$CH23,$Q:$Q,1,$AL:$AL,"FIBL") -> 0 | CM23: =SUMIFS($BK:$BK,$K:$K,"GEO-GSO",$N:$N,CH23,$Q:$Q,1) -> 13474052 | CN23: =SUMIFS($AK:$AK,$K:$K,"GEO-GSO",$N:$N,$CH23,$Q:$Q,1,$R:$R,1)*0.2 -> 0 | CR23: =IF(OR($K23="GEO-GSO",$K23="MEO"),$AK23*Generic_Defect_Loss,0)*$Q23*$P23 -> 81914.001 | CS23: =IF(AND(OR($K23="GEO-GSO",$K23="MEO"),$AL23=CS$19),$AK23*Generic_Defect_Loss,0)*$Q23*$P23 -> 81914.001 | CT23: =IF(AND(OR($K23="GEO-GSO",$K23="MEO"),$AL23=CT$19),$AK23*Generic_Defect_Loss,0)*$Q23*$P23 -> 0 | CU23: =IF(AND(OR($K23="GEO-GSO",$K23="MEO"),$AL23="FIBL"),$AK23*Generic_Defect_Loss,0)*$Q23*$P23 -> 0 | CV23: =IF(OR($K23="GEO-GSO",$K23="MEO"),($AK23*BG23-BJ23)*Generic_Defect_Loss,0)*$Q23*$P23 -> 40957 | CW23: =IF(OR($K23="GEO-GSO",$K23="MEO"),$AK23*Generic_Defect_Loss,0)*$Q23*$P23*$R23*0.2 -> 0 | CY23: =IF(OR($K23="GEO-GSO",$K23="MEO"),$AK23*Space_Debris_Loss,0)*$Q23*$AE23 -> 40957 | CZ23: =IF(AND(OR($K23="GEO-GSO",$K23="MEO"),$AL23=CZ$19),$AK23*Space_Debris_Loss,0)*$Q23*$AE23 -> 40957 | DA23: =IF(AND(OR($K23="GEO-GSO",$K23="MEO",$K23="LEO"),$AL23=DA$19),$AK23*Space_Debris_Loss,0)*$Q23*$AE23 -> 0 | DB23: =IF(AND(OR($K23="GEO-GSO",$K23="MEO"),$AL23="FIBL"),$AK23*Space_Debris_Loss,0)*$Q23*$AE23 -> 0 | DC23: =IF(OR($K23="GEO-GSO",$K23="MEO"),($AK23*BG23-BJ23)*Space_Debris_Loss,0)*$Q23*$AE23 -> 20478.5 | DD23: =IF(OR($K23="GEO-GSO",$K23="MEO"),$AK23*1,0)*$Q23*$AE23*$R23*0.2 -> 0
A24: =B24&"_"&C24 -> 344664_5 | B24: 344664 | C24: 5 | D24: =IFERROR(MATCH(C24,'[4]Custom Earning Pattern Not Popu'!$B$5:$B$428,0),"NA") -> NA | E24: Orbit | F24: 12 | G24: 8786 | H24: 41408 | I24: 45839 | J24: 46203 | K24: GEO-GSO | L24: 45839 | M24: 46203 | N24: Airbus Defence and Space (Toulouse) | O24: Airbus Defence and Space (Toulouse) | P24: =IFERROR(INDEX($P$10:$P$14,MATCH(DATEDIF($AC$15,M24,"M"),$O$10:$O$14,1)),0) -> 0.2 | Q24: 1 | R24: 0 | S24: =E24 -> Orbit | T24: NULL | U24: Arabsat | V24: FUL | W24: ASO | X24: Arabsat BADR 7 | Y24: EUROSTAR E3000 | Z24: NULL | AA24: 9517167.3 | AC24: =IF(IF(K24="LEO",ROUNDUP(((M24-$AC$15)/30.5),0)*Q24,0)<0,0,IF(K24="LEO",ROUNDUP(((M24-$AC$15)/30.5),0)*Q24,0)) -> 0 | AD24: {=IF(AC24=0,0,INDEX(Summary!$S$4:$S$7,MATCH(AC24,Summary!$R$4:$R$7)+1))} -> 0 | AE24: =IFERROR(INDEX(Summary!$Y$4:$Y$6,MATCH('Input Data'!K24,Summary!$U$4:$U$6,0)),0) -> 0.05 | AF24: =IF(I24>=DATE(2024,7,1),TRUE,FALSE) -> TRUE | AG24: =IF(AF24,INDEX('IG Equity Share'!$B:$B,MATCH(YEAR(I24),'IG Equity Share'!$A:$A,0)),0) -> 0.075 | AH24: =AJ24*AG24*_xlfn.XLOOKUP(I24,'S3123 Consortium Share'!$A$3:$A$5,'S3123 Consortium Share'!$F$3:$F$5,,-1) -> 297411.48 | AI24: 1 | AJ24: =AA24 -> 9517167.3 | AK24: =AJ24/AI24*Q24 -> 9517167.3 | AL24: =V24 -> FUL | AM24: =YEAR(I24) -> 2025 | AO24: =+IF(AND($I24<=AO$8,$I24>=AO$7),$AK24*AO$11,0) -> 0 | AP24: =+IF(AND($I24<=AP$8,$I24>=AP$7),$AK24*AP$11,0) -> 0 | AQ24: =+IF(AND($I24<=AQ$8,$I24>=AQ$7),$AK24*AQ$11,0) -> 0 | AR24: =+IF(AND($I24<=AR$8,$I24>=AR$7),$AK24*AR$11,0) -> 0 | AS24: =+IF(AND($I24<=AS$8,$I24>=AS$7),$AK24*AS$11,0) -> 0 | AT24: =+IF(AND($I24<=AT$8,$I24>=AT$7),$AK24*AT$11,0) -> 0 | AU24: =+IF(AND($I24<=AU$8,$I24>=AU$7),$AK24*AU$11,0) -> 1903433.5 | AV24: =+IF(AND($I24<=AV$8,$I24>=AV$7),$AK24*AV$11,0) -> 0 | AY24: =SUM(AO24:AX24) -> 1903433.5 | AZ24: =+AO24+AP24 -> 0 | BB24: =+AK24-AY24 -> 7613733.9 | BC24: =SUM(AO24) -> 0 | BD24: =AND(AF24,NOT(ISNUMBER(MATCH(G24,Table1[Excluded Spacecraft ID],0)))) -> TRUE | BE24: =BD24*AK24*_xlfn.XLOOKUP(I24,Table2[Date From],Table2[Cession],"Error",-1)*_xlfn.XLOOKUP(I24,'S3123 Consortium Share'!$A$3:$A$5,'S3123 Consortium Share'!$F$3:$F$5,,-1) -> 793097.28 | BF24: =+BB24-BC24 -> 7613733.9 | BG24: {=IF(V24="FIBL",0,INDEX('IGR QS'!$A$1:$D$570,MATCH('Input Data'!V24&'Input Data'!W24&'Input Data'!AM24,'IGR QS'!A:A&'IGR QS'!B:B&'IGR QS'!C:C,0),4))} -> 0.5 | BH24: =+BF24*BG24 -> 3806866.9 | BI24: =+BF24-BH24 -> 3806866.9 | BJ24: =IF(AND(V24=FIID,(BI24>FIID_Deductible)),MIN(BI24-FIID_Deductible,FIID_Limit),IF(AND(V24=FUL,(BI24>FUL_Deductible)),MIN(BI24-FUL_Deductible,FUL_Limit),0)) -> 0 | BK24: =BH24+BJ24 -> 3806866.9 | BL24: =+BI24-BJ24 -> 3806866.9 | BN24: =SUMIFS($BL:$BL,$N:$N,$N24,$Q:$Q,1) -> 66471396 | BO24: =SUMIFS($BL:$BL,$N:$N,$N24,$Q:$Q,1,$AL:$AL,$BO$18) -> 49043092 | BP24: =SUMIFS($BL:$BL,$N:$N,$N24,$V:$V,BP$18) -> 17428305 | BQ24: =SUMIFS($BK:$BK,$N:$N,$N24) -> 1.4780349e+08 | BR24: =SUMIFS($AY:$AY,$N:$N,$N24) -> 53568720 | BT24: =SUMIFS($BF:$BF,$C:$C,$C24) -> 24656652 | BU24: =SUMIFS($BL:$BL,$C:$C,$C24) -> 8989906.7 | BV24: =SUMIFS($BK:$BK,$C:$C,$C24) -> 15666745 | BW24: =SUMIFS($AY:$AY,$C:$C,$C24) -> 6164163 | BY24: =IF($K24="GEO-GSO",$AK24*Proton_Flare_InsLoss,0)*Q24 -> 475858.37 | BZ24: =IF(AND($K24="GEO-GSO",AL24="FUL"),$AK24*Proton_Flare_InsLoss,0)*$Q24 -> 475858.37 | CA24: =IF(AND($K24="GEO-GSO",AL24="FIID"),$AK24*Proton_Flare_InsLoss,0)*$Q24 -> 0 | CB24: =IF(AND($K24="GEO-GSO",AL24="FIBL"),$AK24*Proton_Flare_InsLoss,0)*$Q24 -> 0 | CC24: =IF($K24="GEO-GSO",(AK24*BG24-BJ24)*Proton_Flare_InsLoss,0)*Q24 -> 237929.18 | CD24: =IF($K24="GEO-GSO",$AK24*Proton_Flare_InsLoss,0)*$Q24*$R24*0.2 -> 0 | CH24: Alcatel Alenia Space (Cannes) | CI24: =SUMIFS($AK:$AK,$K:$K,"GEO-GSO",$N:$N,$CH24,$Q:$Q,1) -> 3567555.6 | CJ24: =SUMIFS($AK:$AK,$K:$K,"GEO-GSO",$N:$N,$CH24,$Q:$Q,1,$AL:$AL,CJ$19) -> 0 | CK24: =SUMIFS($AK:$AK,$K:$K,"GEO-GSO",$N:$N,$CH24,$Q:$Q,1,$AL:$AL,CK$19) -> 3567555.6 | CL24: =SUMIFS($AK:$AK,$K:$K,"GEO-GSO",$N:$N,$CH24,$Q:$Q,1,$AL:$AL,"FIBL") -> 0 | CM24: =SUMIFS($BK:$BK,$K:$K,"GEO-GSO",$N:$N,CH24,$Q:$Q,1) -> 2425937.8 | CN24: =SUMIFS($AK:$AK,$K:$K,"GEO-GSO",$N:$N,$CH24,$Q:$Q,1,$R:$R,1)*0.2 -> 0 | CR24: =IF(OR($K24="GEO-GSO",$K24="MEO"),$AK24*Generic_Defect_Loss,0)*$Q24*$P24 -> 951716.73 | CS24: =IF(AND(OR($K24="GEO-GSO",$K24="MEO"),$AL24=CS$19),$AK24*Generic_Defect_Loss,0)*$Q24*$P24 -> 951716.73 | CT24: =IF(AND(OR($K24="GEO-GSO",$K24="MEO"),$AL24=CT$19),$AK24*Generic_Defect_Loss,0)*$Q24*$P24 -> 0 | CU24: =IF(AND(OR($K24="GEO-GSO",$K24="MEO"),$AL24="FIBL"),$AK24*Generic_Defect_Loss,0)*$Q24*$P24 -> 0 | CV24: =IF(OR($K24="GEO-GSO",$K24="MEO"),($AK24*BG24-BJ24)*Generic_Defect_Loss,0)*$Q24*$P24 -> 475858.37 | CW24: =IF(OR($K24="GEO-GSO",$K24="MEO"),$AK24*Generic_Defect_Loss,0)*$Q24*$P24*$R24*0.2 -> 0 | CY24: =IF(OR($K24="GEO-GSO",$K24="MEO"),$AK24*Space_Debris_Loss,0)*$Q24*$AE24 -> 475858.37 | CZ24: =IF(AND(OR($K24="GEO-GSO",$K24="MEO"),$AL24=CZ$19),$AK24*Space_Debris_Loss,0)*$Q24*$AE24 -> 475858.37 | DA24: =IF(AND(OR($K24="GEO-GSO",$K24="MEO",$K24="LEO"),$AL24=DA$19),$AK24*Space_Debris_Loss,0)*$Q24*$AE24 -> 0 | DB24: =IF(AND(OR($K24="GEO-GSO",$K24="MEO"),$AL24="FIBL"),$AK24*Space_Debris_Loss,0)*$Q24*$AE24 -> 0 | DC24: =IF(OR($K24="GEO-GSO",$K24="MEO"),($AK24*BG24-BJ24)*Space_Debris_Loss,0)*$Q24*$AE24 -> 237929.18 | DD24: =IF(OR($K24="GEO-GSO",$K24="MEO"),$AK24*1,0)*$Q24*$AE24*$R24*0.2 -> 0
A25: =B25&"_"&C25 -> 344664_6 | B25: 344664 | C25: 6 | D25: =IFERROR(MATCH(C25,'[4]Custom Earning Pattern Not Popu'!$B$5:$B$428,0),"NA") -> NA | E25: Orbit | F25: 12 | G25: 9559 | H25: 41785 | I25: 45839 | J25: 46203 | K25: GEO-GSO | L25: 45839 | M25: 46203 | N25: Lockheed Martin Commercial Space Systems | O25: Lockheed Martin Commercial Space Systems | P25: =IFERROR(INDEX($P$10:$P$14,MATCH(DATEDIF($AC$15,M25,"M"),$O$10:$O$14,1)),0) -> 0.2 | Q25: 1 | R25: 0 | S25: =E25 -> Orbit | T25: NULL | U25: Arabsat | V25: FUL | W25: ASO | X25: Arabsat 6A | Y25: LM 2100 | Z25: NULL | AA25: 14528090 | AC25: =IF(IF(K25="LEO",ROUNDUP(((M25-$AC$15)/30.5),0)*Q25,0)<0,0,IF(K25="LEO",ROUNDUP(((M25-$AC$15)/30.5),0)*Q25,0)) -> 0 | AD25: {=IF(AC25=0,0,INDEX(Summary!$S$4:$S$7,MATCH(AC25,Summary!$R$4:$R$7)+1))} -> 0 | AE25: =IFERROR(INDEX(Summary!$Y$4:$Y$6,MATCH('Input Data'!K25,Summary!$U$4:$U$6,0)),0) -> 0.05 | AF25: =IF(I25>=DATE(2024,7,1),TRUE,FALSE) -> TRUE | AG25: =IF(AF25,INDEX('IG Equity Share'!$B:$B,MATCH(YEAR(I25),'IG Equity Share'!$A:$A,0)),0) -> 0.075 | AH25: =AJ25*AG25*_xlfn.XLOOKUP(I25,'S3123 Consortium Share'!$A$3:$A$5,'S3123 Consortium Share'!$F$3:$F$5,,-1) -> 454002.81 | AI25: 1 | AJ25: =AA25 -> 14528090 | AK25: =AJ25/AI25*Q25 -> 14528090 | AL25: =V25 -> FUL | AM25: =YEAR(I25) -> 2025 | AN25: =INDEX('[2]Input Data'!$AH:$AH,MATCH(A25,'[2]Input Data'!$A:$A,0),1)-AH25 -> 0 | AO25: =+IF(AND($I25<=AO$8,$I25>=AO$7),$AK25*AO$11,0) -> 0 | AP25: =+IF(AND($I25<=AP$8,$I25>=AP$7),$AK25*AP$11,0) -> 0 | AQ25: =+IF(AND($I25<=AQ$8,$I25>=AQ$7),$AK25*AQ$11,0) -> 0 | AR25: =+IF(AND($I25<=AR$8,$I25>=AR$7),$AK25*AR$11,0) -> 0 | AS25: =+IF(AND($I25<=AS$8,$I25>=AS$7),$AK25*AS$11,0) -> 0 | AT25: =+IF(AND($I25<=AT$8,$I25>=AT$7),$AK25*AT$11,0) -> 0 | AU25: =+IF(AND($I25<=AU$8,$I25>=AU$7),$AK25*AU$11,0) -> 2905618 | AV25: =+IF(AND($I25<=AV$8,$I25>=AV$7),$AK25*AV$11,0) -> 0 | AY25: =SUM(AO25:AX25) -> 2905618 | AZ25: =+AO25+AP25 -> 0 | BB25: =+AK25-AY25 -> 11622472 | BC25: =SUM(AO25) -> 0 | BD25: =AND(AF25,NOT(ISNUMBER(MATCH(G25,Table1[Excluded Spacecraft ID],0)))) -> TRUE | BE25: =BD25*AK25*_xlfn.XLOOKUP(I25,Table2[Date From],Table2[Cession],"Error",-1)*_xlfn.XLOOKUP(I25,'S3123 Consortium Share'!$A$3:$A$5,'S3123 Consortium Share'!$F$3:$F$5,,-1) -> 1210674.2 | BF25: =+BB25-BC25 -> 11622472 | BG25: {=IF(V25="FIBL",0,INDEX('IGR QS'!$A$1:$D$570,MATCH('Input Data'!V25&'Input Data'!W25&'Input Data'!AM25,'IGR QS'!A:A&'IGR QS'!B:B&'IGR QS'!C:C,0),4))} -> 0.5 | BH25: =+BF25*BG25 -> 5811236 | BI25: =+BF25-BH25 -> 5811236 | BJ25: =IF(AND(V25=FIID,(BI25>FIID_Deductible)),MIN(BI25-FIID_Deductible,FIID_Limit),IF(AND(V25=FUL,(BI25>FUL_Deductible)),MIN(BI25-FUL_Deductible,FUL_Limit),0)) -> 0 | BK25: =BH25+BJ25 -> 5811236 | BL25: =+BI25-BJ25 -> 5811236 | BN25: =SUMIFS($BL:$BL,$N:$N,$N25,$Q:$Q,1) -> 14714683 | BO25: =SUMIFS($BL:$BL,$N:$N,$N25,$Q:$Q,1,$AL:$AL,$BO$18) -> 14714683 | BP25: =SUMIFS($BL:$BL,$N:$N,$N25,$V:$V,BP$18) -> 0 | BQ25: =SUMIFS($BK:$BK,$N:$N,$N25) -> 14714683 | BR25: =SUMIFS($AY:$AY,$N:$N,$N25) -> 7357341.4 | BT25: =SUMIFS($BF:$BF,$C:$C,$C25) -> 16735239 | BU25: =SUMIFS($BL:$BL,$C:$C,$C25) -> 6578151 | BV25: =SUMIFS($BK:$BK,$C:$C,$C25) -> 10157088 | BW25: =SUMIFS($AY:$AY,$C:$C,$C25) -> 4183809.8 | BY25: =IF($K25="GEO-GSO",$AK25*Proton_Flare_InsLoss,0)*Q25 -> 726404.49 | BZ25: =IF(AND($K25="GEO-GSO",AL25="FUL"),$AK25*Proton_Flare_InsLoss,0)*$Q25 -> 726404.49 | CA25: =IF(AND($K25="GEO-GSO",AL25="FIID"),$AK25*Proton_Flare_InsLoss,0)*$Q25 -> 0 | CB25: =IF(AND($K25="GEO-GSO",AL25="FIBL"),$AK25*Proton_Flare_InsLoss,0)*$Q25 -> 0 | CC25: =IF($K25="GEO-GSO",(AK25*BG25-BJ25)*Proton_Flare_InsLoss,0)*Q25 -> 363202.25 | CD25: =IF($K25="GEO-GSO",$AK25*Proton_Flare_InsLoss,0)*$Q25*$R25*0.2 -> 0 | CH25: Boeing Satellite Systems Inc. | CI25: =SUMIFS($AK:$AK,$K:$K,"GEO-GSO",$N:$N,$CH25,$Q:$Q,1) -> 1.1271144e+08 | CJ25: =SUMIFS($AK:$AK,$K:$K,"GEO-GSO",$N:$N,$CH25,$Q:$Q,1,$AL:$AL,CJ$19) -> 1.0436747e+08 | CK25: =SUMIFS($AK:$AK,$K:$K,"GEO-GSO",$N:$N,$CH25,$Q:$Q,1,$AL:$AL,CK$19) -> 8343968.2 | CL25: =SUMIFS($AK:$AK,$K:$K,"GEO-GSO",$N:$N,$CH25,$Q:$Q,1,$AL:$AL,"FIBL") -> 0 | CM25: =SUMIFS($BK:$BK,$K:$K,"GEO-GSO",$N:$N,CH25,$Q:$Q,1) -> 44620885 | CN25: =SUMIFS($AK:$AK,$K:$K,"GEO-GSO",$N:$N,$CH25,$Q:$Q,1,$R:$R,1)*0.2 -> 0 | CR25: =IF(OR($K25="GEO-GSO",$K25="MEO"),$AK25*Generic_Defect_Loss,0)*$Q25*$P25 -> 1452809 | CS25: =IF(AND(OR($K25="GEO-GSO",$K25="MEO"),$AL25=CS$19),$AK25*Generic_Defect_Loss,0)*$Q25*$P25 -> 1452809 | CT25: =IF(AND(OR($K25="GEO-GSO",$K25="MEO"),$AL25=CT$19),$AK25*Generic_Defect_Loss,0)*$Q25*$P25 -> 0 | CU25: =IF(AND(OR($K25="GEO-GSO",$K25="MEO"),$AL25="FIBL"),$AK25*Generic_Defect_Loss,0)*$Q25*$P25 -> 0 | CV25: =IF(OR($K25="GEO-GSO",$K25="MEO"),($AK25*BG25-BJ25)*Generic_Defect_Loss,0)*$Q25*$P25 -> 726404.49 | CW25: =IF(OR($K25="GEO-GSO",$K25="MEO"),$AK25*Generic_Defect_Loss,0)*$Q25*$P25*$R25*0.2 -> 0 | CY25: =IF(OR($K25="GEO-GSO",$K25="MEO"),$AK25*Space_Debris_Loss,0)*$Q25*$AE25 -> 726404.49 | CZ25: =IF(AND(OR($K25="GEO-GSO",$K25="MEO"),$AL25=CZ$19),$AK25*Space_Debris_Loss,0)*$Q25*$AE25 -> 726404.49 | DA25: =IF(AND(OR($K25="GEO-GSO",$K25="MEO",$K25="LEO"),$AL25=DA$19),$AK25*Space_Debris_Loss,0)*$Q25*$AE25 -> 0 | DB25: =IF(AND(OR($K25="GEO-GSO",$K25="MEO"),$AL25="FIBL"),$AK25*Space_Debris_Loss,0)*$Q25*$AE25 -> 0 | DC25: =IF(OR($K25="GEO-GSO",$K25="MEO"),($AK25*BG25-BJ25)*Space_Debris_Loss,0)*$Q25*$AE25 -> 363202.25 | DD25: =IF(OR($K25="GEO-GSO",$K25="MEO"),$AK25*1,0)*$Q25*$AE25*$R25*0.2 -> 0
A26: =B26&"_"&C26 -> 344558_1 | B26: 344558 | C26: 1 | D26: =IFERROR(MATCH(C26,'[4]Custom Earning Pattern Not Popu'!$B$5:$B$428,0),"NA") -> NA | E26: Orbit | F26: 12 | G26: 16310 | H26: 44407 | I26: 45839 | J26: 46203 | K26: GEO-GSO | L26: 45839 | M26: 46203 | N26: Airbus Defence and Space | O26: Airbus Defence and Space | P26: =IFERROR(INDEX($P$10:$P$14,MATCH(DATEDIF($AC$15,M26,"M"),$O$10:$O$14,1)),0) -> 0.2 | Q26: 1 | R26: 0 | S26: =E26 -> Orbit | T26: NULL | U26: Eutelsat | V26: FIID | W26: ASO | X26: EUTELSAT 36D | Y26: EUROSTAR NEO | Z26: NULL | AA26: 19814782 | AC26: =IF(IF(K26="LEO",ROUNDUP(((M26-$AC$15)/30.5),0)*Q26,0)<0,0,IF(K26="LEO",ROUNDUP(((M26-$AC$15)/30.5),0)*Q26,0)) -> 0 | AD26: {=IF(AC26=0,0,INDEX(Summary!$S$4:$S$7,MATCH(AC26,Summary!$R$4:$R$7)+1))} -> 0 | AE26: =IFERROR(INDEX(Summary!$Y$4:$Y$6,MATCH('Input Data'!K26,Summary!$U$4:$U$6,0)),0) -> 0.05 | AF26: =IF(I26>=DATE(2024,7,1),TRUE,FALSE) -> TRUE | AG26: =IF(AF26,INDEX('IG Equity Share'!$B:$B,MATCH(YEAR(I26),'IG Equity Share'!$A:$A,0)),0) -> 0.075 | AH26: =AJ26*AG26*_xlfn.XLOOKUP(I26,'S3123 Consortium Share'!$A$3:$A$5,'S3123 Consortium Share'!$F$3:$F$5,,-1) -> 619211.95 | AI26: 1 | AJ26: =AA26 -> 19814782 | AK26: =AJ26/AI26*Q26 -> 19814782 | AL26: =V26 -> FIID | AM26: =YEAR(I26) -> 2025 | AN26: =INDEX('[2]Input Data'!$AH:$AH,MATCH(A26,'[2]Input Data'!$A:$A,0),1)-AH26 -> 0 | AO26: =+IF(AND($I26<=AO$8,$I26>=AO$7),$AK26*AO$11,0) -> 0 | AP26: =+IF(AND($I26<=AP$8,$I26>=AP$7),$AK26*AP$11,0) -> 0 | AQ26: =+IF(AND($I26<=AQ$8,$I26>=AQ$7),$AK26*AQ$11,0) -> 0 | AR26: =+IF(AND($I26<=AR$8,$I26>=AR$7),$AK26*AR$11,0) -> 0 | AS26: =+IF(AND($I26<=AS$8,$I26>=AS$7),$AK26*AS$11,0) -> 0 | AT26: =+IF(AND($I26<=AT$8,$I26>=AT$7),$AK26*AT$11,0) -> 0 | AU26: =+IF(AND($I26<=AU$8,$I26>=AU$7),$AK26*AU$11,0) -> 3962956.5 | AV26: =+IF(AND($I26<=AV$8,$I26>=AV$7),$AK26*AV$11,0) -> 0 | AY26: =SUM(AO26:AX26) -> 3962956.5 | AZ26: =+AO26+AP26 -> 0 | BB26: =+AK26-AY26 -> 15851826 | BC26: =SUM(AO26) -> 0 | BD26: =AND(AF26,NOT(ISNUMBER(MATCH(G26,Table1[Excluded Spacecraft ID],0)))) -> TRUE | BE26: =BD26*AK26*_xlfn.XLOOKUP(I26,Table2[Date From],Table2[Cession],"Error",-1)*_xlfn.XLOOKUP(I26,'S3123 Consortium Share'!$A$3:$A$5,'S3123 Consortium Share'!$F$3:$F$5,,-1) -> 1651231.9 | BF26: =+BB26-BC26 -> 15851826 | BG26: {=IF(V26="FIBL",0,INDEX('IGR QS'!$A$1:$D$570,MATCH('Input Data'!V26&'Input Data'!W26&'Input Data'!AM26,'IGR QS'!A:A&'IGR QS'!B:B&'IGR QS'!C:C,0),4))} -> 0.85 | BH26: =+BF26*BG26 -> 13474052 | BI26: =+BF26-BH26 -> 2377773.9 | BJ26: =IF(AND(V26=FIID,(BI26>FIID_Deductible)),MIN(BI26-FIID_Deductible,FIID_Limit),IF(AND(V26=FUL,(BI26>FUL_Deductible)),MIN(BI26-FUL_Deductible,FUL_Limit),0)) -> 0 | BK26: =BH26+BJ26 -> 13474052 | BL26: =+BI26-BJ26 -> 2377773.9 | BN26: =SUMIFS($BL:$BL,$N:$N,$N26,$Q:$Q,1) -> 2377773.9 | BO26: =SUMIFS($BL:$BL,$N:$N,$N26,$Q:$Q,1,$AL:$AL,$BO$18) -> 0 | BP26: =SUMIFS($BL:$BL,$N:$N,$N26,$V:$V,BP$18) -> 2377773.9 | BQ26: =SUMIFS($BK:$BK,$N:$N,$N26) -> 13474052 | BR26: =SUMIFS($AY:$AY,$N:$N,$N26) -> 3962956.5 | BT26: =SUMIFS($BF:$BF,$C:$C,$C26) -> 42889947 | BU26: =SUMIFS($BL:$BL,$C:$C,$C26) -> 15281915 | BV26: =SUMIFS($BK:$BK,$C:$C,$C26) -> 27608031 | BW26: =SUMIFS($AY:$AY,$C:$C,$C26) -> 10722487 | BY26: =IF($K26="GEO-GSO",$AK26*Proton_Flare_InsLoss,0)*Q26 -> 990739.12 | BZ26: =IF(AND($K26="GEO-GSO",AL26="FUL"),$AK26*Proton_Flare_InsLoss,0)*$Q26 -> 0 | CA26: =IF(AND($K26="GEO-GSO",AL26="FIID"),$AK26*Proton_Flare_InsLoss,0)*$Q26 -> 990739.12 | CB26: =IF(AND($K26="GEO-GSO",AL26="FIBL"),$AK26*Proton_Flare_InsLoss,0)*$Q26 -> 0 | CC26: =IF($K26="GEO-GSO",(AK26*BG26-BJ26)*Proton_Flare_InsLoss,0)*Q26 -> 842128.25 | CD26: =IF($K26="GEO-GSO",$AK26*Proton_Flare_InsLoss,0)*$Q26*$R26*0.2 -> 0 | CH26: Thales Alenia Space France (Cannes) | CI26: =SUMIFS($AK:$AK,$K:$K,"GEO-GSO",$N:$N,$CH26,$Q:$Q,1) -> 1.6628586e+08 | CJ26: =SUMIFS($AK:$AK,$K:$K,"GEO-GSO",$N:$N,$CH26,$Q:$Q,1,$AL:$AL,CJ$19) -> 50028573 | CK26: =SUMIFS($AK:$AK,$K:$K,"GEO-GSO",$N:$N,$CH26,$Q:$Q,1,$AL:$AL,CK$19) -> 1.1625728e+08 | CL26: =SUMIFS($AK:$AK,$K:$K,"GEO-GSO",$N:$N,$CH26,$Q:$Q,1,$AL:$AL,"FIBL") -> 0 | CM26: =SUMIFS($BK:$BK,$K:$K,"GEO-GSO",$N:$N,CH26,$Q:$Q,1) -> 99066383 | CN26: =SUMIFS($AK:$AK,$K:$K,"GEO-GSO",$N:$N,$CH26,$Q:$Q,1,$R:$R,1)*0.2 -> 0 | CR26: =IF(OR($K26="GEO-GSO",$K26="MEO"),$AK26*Generic_Defect_Loss,0)*$Q26*$P26 -> 1981478.2 | CS26: =IF(AND(OR($K26="GEO-GSO",$K26="MEO"),$AL26=CS$19),$AK26*Generic_Defect_Loss,0)*$Q26*$P26 -> 0 | CT26: =IF(AND(OR($K26="GEO-GSO",$K26="MEO"),$AL26=CT$19),$AK26*Generic_Defect_Loss,0)*$Q26*$P26 -> 1981478.2 | CU26: =IF(AND(OR($K26="GEO-GSO",$K26="MEO"),$AL26="FIBL"),$AK26*Generic_Defect_Loss,0)*$Q26*$P26 -> 0 | CV26: =IF(OR($K26="GEO-GSO",$K26="MEO"),($AK26*BG26-BJ26)*Generic_Defect_Loss,0)*$Q26*$P26 -> 1684256.5 | CW26: =IF(OR($K26="GEO-GSO",$K26="MEO"),$AK26*Generic_Defect_Loss,0)*$Q26*$P26*$R26*0.2 -> 0 | CY26: =IF(OR($K26="GEO-GSO",$K26="MEO"),$AK26*Space_Debris_Loss,0)*$Q26*$AE26 -> 990739.12 | CZ26: =IF(AND(OR($K26="GEO-GSO",$K26="MEO"),$AL26=CZ$19),$AK26*Space_Debris_Loss,0)*$Q26*$AE26 -> 0 | DA26: =IF(AND(OR($K26="GEO-GSO",$K26="MEO"),$AL26=DA$19),$AK26*Space_Debris_Loss,0)*$Q26*$AE26 -> 990739.12 | DB26: =IF(AND(OR($K26="GEO-GSO",$K26="MEO"),$AL26="FIBL"),$AK26*Space_Debris_Loss,0)*$Q26*$AE26 -> 0 | DC26: =IF(OR($K26="GEO-GSO",$K26="MEO"),($AK26*BG26-BJ26)*Space_Debris_Loss,0)*$Q26*$AE26 -> 842128.25 | DD26: =IF(OR($K26="GEO-GSO",$K26="MEO"),$AK26*1,0)*$Q26*$AE26*$R26*0.2 -> 0
A27: =B27&"_"&C27 -> 344558_2 | B27: 344558 | C27: 2 | D27: =IFERROR(MATCH(C27,'[4]Custom Earning Pattern Not Popu'!$B$5:$B$428,0),"NA") -> NA | E27: Orbit | F27: 12 | G27: 8137 | H27: 43636 | I27: 45839 | J27: 46203 | K27: GEO-GSO | L27: 45839 | M27: 46203 | N27: Alcatel Alenia Space (Cannes) | O27: Alcatel Alenia Space (Cannes) | P27: =IFERROR(INDEX($P$10:$P$14,MATCH(DATEDIF($AC$15,M27,"M"),$O$10:$O$14,1)),0) -> 0.2 | Q27: 1 | R27: 0 | S27: =E27 -> Orbit | T27: NULL | U27: Eutelsat | V27: FIID | W27: ASO | X27: W7/E36B | Y27: SPACEBUS 4000 | Z27: NULL | AA27: 3567555.6 | AC27: =IF(IF(K27="LEO",ROUNDUP(((M27-$AC$15)/30.5),0)*Q27,0)<0,0,IF(K27="LEO",ROUNDUP(((M27-$AC$15)/30.5),0)*Q27,0)) -> 0 | AD27: {=IF(AC27=0,0,INDEX(Summary!$S$4:$S$7,MATCH(AC27,Summary!$R$4:$R$7)+1))} -> 0 | AE27: =IFERROR(INDEX(Summary!$Y$4:$Y$6,MATCH('Input Data'!K27,Summary!$U$4:$U$6,0)),0) -> 0.05 | AF27: =IF(I27>=DATE(2024,7,1),TRUE,FALSE) -> TRUE | AG27: =IF(AF27,INDEX('IG Equity Share'!$B:$B,MATCH(YEAR(I27),'IG Equity Share'!$A:$A,0)),0) -> 0.075 | AH27: =AJ27*AG27*_xlfn.XLOOKUP(I27,'S3123 Consortium Share'!$A$3:$A$5,'S3123 Consortium Share'!$F$3:$F$5,,-1) -> 111486.11 | AI27: 1 | AJ27: =AA27 -> 3567555.6 | AK27: =AJ27/AI27*Q27 -> 3567555.6 | AL27: =V27 -> FIID | AM27: =YEAR(I27) -> 2025 | AO27: =+IF(AND($I27<=AO$8,$I27>=AO$7),$AK27*AO$11,0) -> 0 | AP27: =+IF(AND($I27<=AP$8,$I27>=AP$7),$AK27*AP$11,0) -> 0 | AQ27: =+IF(AND($I27<=AQ$8,$I27>=AQ$7),$AK27*AQ$11,0) -> 0 | AR27: =+IF(AND($I27<=AR$8,$I27>=AR$7),$AK27*AR$11,0) -> 0 | AS27: =+IF(AND($I27<=AS$8,$I27>=AS$7),$AK27*AS$11,0) -> 0 | AT27: =+IF(AND($I27<=AT$8,$I27>=AT$7),$AK27*AT$11,0) -> 0 | AU27: =+IF(AND($I27<=AU$8,$I27>=AU$7),$AK27*AU$11,0) -> 713511.11 | AV27: =+IF(AND($I27<=AV$8,$I27>=AV$7),$AK27*AV$11,0) -> 0 | AY27: =SUM(AO27:AX27) -> 713511.11 | AZ27: =+AO27+AP27 -> 0 | BB27: =+AK27-AY27 -> 2854044.5 | BC27: =SUM(AO27) -> 0 | BD27: =AND(AF27,NOT(ISNUMBER(MATCH(G27,Table1[Excluded Spacecraft ID],0)))) -> TRUE | BE27: =BD27*AK27*_xlfn.XLOOKUP(I27,Table2[Date From],Table2[Cession],"Error",-1)*_xlfn.XLOOKUP(I27,'S3123 Consortium Share'!$A$3:$A$5,'S3123 Consortium Share'!$F$3:$F$5,,-1) -> 297296.3 | BF27: =+BB27-BC27 -> 2854044.5 | BG27: {=IF(V27="FIBL",0,INDEX('IGR QS'!$A$1:$D$570,MATCH('Input Data'!V27&'Input Data'!W27&'Input Data'!AM27,'IGR QS'!A:A&'IGR QS'!B:B&'IGR QS'!C:C,0),4))} -> 0.85 | BH27: =+BF27*BG27 -> 2425937.8 | BI27: =+BF27-BH27 -> 428106.67 | BJ27: =IF(AND(V27=FIID,(BI27>FIID_Deductible)),MIN(BI27-FIID_Deductible,FIID_Limit),IF(AND(V27=FUL,(BI27>FUL_Deductible)),MIN(BI27-FUL_Deductible,FUL_Limit),0)) -> 0 | BK27: =BH27+BJ27 -> 2425937.8 | BL27: =+BI27-BJ27 -> 428106.67 | BN27: =SUMIFS($BL:$BL,$N:$N,$N27,$Q:$Q,1) -> 428106.67 | BO27: =SUMIFS($BL:$BL,$N:$N,$N27,$Q:$Q,1,$AL:$AL,$BO$18) -> 0 | BP27: =SUMIFS($BL:$BL,$N:$N,$N27,$V:$V,BP$18) -> 428106.67 | BQ27: =SUMIFS($BK:$BK,$N:$N,$N27) -> 2425937.8 | BR27: =SUMIFS($AY:$AY,$N:$N,$N27) -> 713511.11 | BT27: =SUMIFS($BF:$BF,$C:$C,$C27) -> 7958953.7 | BU27: =SUMIFS($BL:$BL,$C:$C,$C27) -> 2365642.5 | BV27: =SUMIFS($BK:$BK,$C:$C,$C27) -> 5593311.1 | BW27: =SUMIFS($AY:$AY,$C:$C,$C27) -> 1989738.4 | BY27: =IF($K27="GEO-GSO",$AK27*Proton_Flare_InsLoss,0)*Q27 -> 178377.78 | BZ27: =IF(AND($K27="GEO-GSO",AL27="FUL"),$AK27*Proton_Flare_InsLoss,0)*$Q27 -> 0 | CA27: =IF(AND($K27="GEO-GSO",AL27="FIID"),$AK27*Proton_Flare_InsLoss,0)*$Q27 -> 178377.78 | CB27: =IF(AND($K27="GEO-GSO",AL27="FIBL"),$AK27*Proton_Flare_InsLoss,0)*$Q27 -> 0 | CC27: =IF($K27="GEO-GSO",(AK27*BG27-BJ27)*Proton_Flare_InsLoss,0)*Q27 -> 151621.11 | CD27: =IF($K27="GEO-GSO",$AK27*Proton_Flare_InsLoss,0)*$Q27*$R27*0.2 -> 0 | CH27: SSL (Space Systems/Loral - Part of Maxar) | CI27: =SUMIFS($AK:$AK,$K:$K,"GEO-GSO",$N:$N,$CH27,$Q:$Q,1) -> 45814678 | CJ27: =SUMIFS($AK:$AK,$K:$K,"GEO-GSO",$N:$N,$CH27,$Q:$Q,1,$AL:$AL,CJ$19) -> 30795155 | CK27: =SUMIFS($AK:$AK,$K:$K,"GEO-GSO",$N:$N,$CH27,$Q:$Q,1,$AL:$AL,CK$19) -> 15019523 | CL27: =SUMIFS($AK:$AK,$K:$K,"GEO-GSO",$N:$N,$CH27,$Q:$Q,1,$AL:$AL,"FIBL") -> 0 | CM27: =SUMIFS($BK:$BK,$K:$K,"GEO-GSO",$N:$N,CH27,$Q:$Q,1) -> 22531337 | CN27: =SUMIFS($AK:$AK,$K:$K,"GEO-GSO",$N:$N,$CH27,$Q:$Q,1,$R:$R,1)*0.2 -> 0 | CR27: =IF(OR($K27="GEO-GSO",$K27="MEO"),$AK27*Generic_Defect_Loss,0)*$Q27*$P27 -> 356755.56 | CS27: =IF(AND(OR($K27="GEO-GSO",$K27="MEO"),$AL27=CS$19),$AK27*Generic_Defect_Loss,0)*$Q27*$P27 -> 0 | CT27: =IF(AND(OR($K27="GEO-GSO",$K27="MEO"),$AL27=CT$19),$AK27*Generic_Defect_Loss,0)*$Q27*$P27 -> 356755.56 | CU27: =IF(AND(OR($K27="GEO-GSO",$K27="MEO"),$AL27="FIBL"),$AK27*Generic_Defect_Loss,0)*$Q27*$P27 -> 0 | CV27: =IF(OR($K27="GEO-GSO",$K27="MEO"),($AK27*BG27-BJ27)*Generic_Defect_Loss,0)*$Q27*$P27 -> 303242.22 | CW27: =IF(OR($K27="GEO-GSO",$K27="MEO"),$AK27*Generic_Defect_Loss,0)*$Q27*$P27*$R27*0.2 -> 0 | CY27: =IF(OR($K27="GEO-GSO",$K27="MEO"),$AK27*Space_Debris_Loss,0)*$Q27*$AE27 -> 178377.78 | CZ27: =IF(AND(OR($K27="GEO-GSO",$K27="MEO"),$AL27=CZ$19),$AK27*Space_Debris_Loss,0)*$Q27*$AE27 -> 0 | DA27: =IF(AND(OR($K27="GEO-GSO",$K27="MEO"),$AL27=DA$19),$AK27*Space_Debris_Loss,0)*$Q27*$AE27 -> 178377.78 | DB27: =IF(AND(OR($K27="GEO-GSO",$K27="MEO"),$AL27="FIBL"),$AK27*Space_Debris_Loss,0)*$Q27*$AE27 -> 0 | DC27: =IF(OR($K27="GEO-GSO",$K27="MEO"),($AK27*BG27-BJ27)*Space_Debris_Loss,0)*$Q27*$AE27 -> 151621.11 | DD27: =IF(OR($K27="GEO-GSO",$K27="MEO"),$AK27*1,0)*$Q27*$AE27*$R27*0.2 -> 0
A28: =B28&"_"&C28 -> 344558_3 | B28: 344558 | C28: 3 | D28: =IFERROR(MATCH(C28,'[4]Custom Earning Pattern Not Popu'!$B$5:$B$428,0),"NA") -> NA | E28: Orbit | F28: 12 | G28: 8692 | H28: 43846 | I28: 45839 | J28: 46203 | K28: GEO-GSO | L28: 45839 | M28: 46203 | N28: Boeing Satellite Systems Inc. | O28: Boeing Satellite Systems Inc. | P28: =IFERROR(INDEX($P$10:$P$14,MATCH(DATEDIF($AC$15,M28,"M"),$O$10:$O$14,1)),0) -> 0.2 | Q28: 1 | R28: 0 | S28: =E28 -> Orbit | T28: NULL | U28: Eutelsat | V28: FIID | W28: ASO | X28: E115WB (S7) | Y28: BSS-702SP | Z28: NULL | AA28: 3955653.8 | AC28: =IF(IF(K28="LEO",ROUNDUP(((M28-$AC$15)/30.5),0)*Q28,0)<0,0,IF(K28="LEO",ROUNDUP(((M28-$AC$15)/30.5),0)*Q28,0)) -> 0 | AD28: {=IF(AC28=0,0,INDEX(Summary!$S$4:$S$7,MATCH(AC28,Summary!$R$4:$R$7)+1))} -> 0 | AE28: =IFERROR(INDEX(Summary!$Y$4:$Y$6,MATCH('Input Data'!K28,Summary!$U$4:$U$6,0)),0) -> 0.05 | AF28: =IF(I28>=DATE(2024,7,1),TRUE,FALSE) -> TRUE | AG28: =IF(AF28,INDEX('IG Equity Share'!$B:$B,MATCH(YEAR(I28),'IG Equity Share'!$A:$A,0)),0) -> 0.075 | AH28: =AJ28*AG28*_xlfn.XLOOKUP(I28,'S3123 Consortium Share'!$A$3:$A$5,'S3123 Consortium Share'!$F$3:$F$5,,-1) -> 123614.18 | AI28: 1 | AJ28: =AA28 -> 3955653.8 | AK28: =AJ28/AI28*Q28 -> 3955653.8 | AL28: =V28 -> FIID | AM28: =YEAR(I28) -> 2025 | AO28: =+IF(AND($I28<=AO$8,$I28>=AO$7),$AK28*AO$11,0) -> 0 | AP28: =+IF(AND($I28<=AP$8,$I28>=AP$7),$AK28*AP$11,0) -> 0 | AQ28: =+IF(AND($I28<=AQ$8,$I28>=AQ$7),$AK28*AQ$11,0) -> 0 | AR28: =+IF(AND($I28<=AR$8,$I28>=AR$7),$AK28*AR$11,0) -> 0 | AS28: =+IF(AND($I28<=AS$8,$I28>=AS$7),$AK28*AS$11,0) -> 0 | AT28: =+IF(AND($I28<=AT$8,$I28>=AT$7),$AK28*AT$11,0) -> 0 | AU28: =+IF(AND($I28<=AU$8,$I28>=AU$7),$AK28*AU$11,0) -> 791130.75 | AV28: =+IF(AND($I28<=AV$8,$I28>=AV$7),$AK28*AV$11,0) -> 0 | AY28: =SUM(AO28:AX28) -> 791130.75 | AZ28: =+AO28+AP28 -> 0 | BB28: =+AK28-AY28 -> 3164523 | BC28: =SUM(AO28) -> 0 | BD28: =AND(AF28,NOT(ISNUMBER(MATCH(G28,Table1[Excluded Spacecraft ID],0)))) -> TRUE | BE28: =BD28*AK28*_xlfn.XLOOKUP(I28,Table2[Date From],Table2[Cession],"Error",-1)*_xlfn.XLOOKUP(I28,'S3123 Consortium Share'!$A$3:$A$5,'S3123 Consortium Share'!$F$3:$F$5,,-1) -> 329637.81 | BF28: =+BB28-BC28 -> 3164523 | BG28: {=IF(V28="FIBL",0,INDEX('IGR QS'!$A$1:$D$570,MATCH('Input Data'!V28&'Input Data'!W28&'Input Data'!AM28,'IGR QS'!A:A&'IGR QS'!B:B&'IGR QS'!C:C,0),4))} -> 0.85 | BH28: =+BF28*BG28 -> 2689844.6 | BI28: =+BF28-BH28 -> 474678.45 | BJ28: =IF(AND(V28=FIID,(BI28>FIID_Deductible)),MIN(BI28-FIID_Deductible,FIID_Limit),IF(AND(V28=FUL,(BI28>FUL_Deductible)),MIN(BI28-FUL_Deductible,FUL_Limit),0)) -> 0 | BK28: =BH28+BJ28 -> 2689844.6 | BL28: =+BI28-BJ28 -> 474678.45 | BN28: =SUMIFS($BL:$BL,$N:$N,$N28,$Q:$Q,1) -> 45548263 | BO28: =SUMIFS($BL:$BL,$N:$N,$N28,$Q:$Q,1,$AL:$AL,$BO$18) -> 44546987 | BP28: =SUMIFS($BL:$BL,$N:$N,$N28,$V:$V,BP$18) -> 1001276.2 | BQ28: =SUMIFS($BK:$BK,$N:$N,$N28) -> 44620885 | BR28: =SUMIFS($AY:$AY,$N:$N,$N28) -> 22542287 | BT28: =SUMIFS($BF:$BF,$C:$C,$C28) -> 14303554 | BU28: =SUMIFS($BL:$BL,$C:$C,$C28) -> 5429275.4 | BV28: =SUMIFS($BK:$BK,$C:$C,$C28) -> 8874279 | BW28: =SUMIFS($AY:$AY,$C:$C,$C28) -> 3575888.6 | BY28: =IF($K28="GEO-GSO",$AK28*Proton_Flare_InsLoss,0)*Q28 -> 197782.69 | BZ28: =IF(AND($K28="GEO-GSO",AL28="FUL"),$AK28*Proton_Flare_InsLoss,0)*$Q28 -> 0 | CA28: =IF(AND($K28="GEO-GSO",AL28="FIID"),$AK28*Proton_Flare_InsLoss,0)*$Q28 -> 197782.69 | CB28: =IF(AND($K28="GEO-GSO",AL28="FIBL"),$AK28*Proton_Flare_InsLoss,0)*$Q28 -> 0 | CC28: =IF($K28="GEO-GSO",(AK28*BG28-BJ28)*Proton_Flare_InsLoss,0)*Q28 -> 168115.29 | CD28: =IF($K28="GEO-GSO",$AK28*Proton_Flare_InsLoss,0)*$Q28*$R28*0.2 -> 0 | CH28: SSTL - Surrey Satellite Technology Limited (Part of Airbus DS) | CI28: =SUMIFS($AK:$AK,$K:$K,"GEO-GSO",$N:$N,$CH28,$Q:$Q,1) -> 11189101 | CJ28: =SUMIFS($AK:$AK,$K:$K,"GEO-GSO",$N:$N,$CH28,$Q:$Q,1,$AL:$AL,CJ$19) -> 0 | CK28: =SUMIFS($AK:$AK,$K:$K,"GEO-GSO",$N:$N,$CH28,$Q:$Q,1,$AL:$AL,CK$19) -> 11189101 | CL28: =SUMIFS($AK:$AK,$K:$K,"GEO-GSO",$N:$N,$CH28,$Q:$Q,1,$AL:$AL,"FIBL") -> 0 | CM28: =SUMIFS($BK:$BK,$K:$K,"GEO-GSO",$N:$N,CH28,$Q:$Q,1) -> 7608588.4 | CN28: =SUMIFS($AK:$AK,$K:$K,"GEO-GSO",$N:$N,$CH28,$Q:$Q,1,$R:$R,1)*0.2 -> 0 | CR28: =IF(OR($K28="GEO-GSO",$K28="MEO"),$AK28*Generic_Defect_Loss,0)*$Q28*$P28 -> 395565.38 | CS28: =IF(AND(OR($K28="GEO-GSO",$K28="MEO"),$AL28=CS$19),$AK28*Generic_Defect_Loss,0)*$Q28*$P28 -> 0 | CT28: =IF(AND(OR($K28="GEO-GSO",$K28="MEO"),$AL28=CT$19),$AK28*Generic_Defect_Loss,0)*$Q28*$P28 -> 395565.38 | CU28: =IF(AND(OR($K28="GEO-GSO",$K28="MEO"),$AL28="FIBL"),$AK28*Generic_Defect_Loss,0)*$Q28*$P28 -> 0 | CV28: =IF(OR($K28="GEO-GSO",$K28="MEO"),($AK28*BG28-BJ28)*Generic_Defect_Loss,0)*$Q28*$P28 -> 336230.57 | CW28: =IF(OR($K28="GEO-GSO",$K28="MEO"),$AK28*Generic_Defect_Loss,0)*$Q28*$P28*$R28*0.2 -> 0 | CY28: =IF(OR($K28="GEO-GSO",$K28="MEO"),$AK28*Space_Debris_Loss,0)*$Q28*$AE28 -> 197782.69 | CZ28: =IF(AND(OR($K28="GEO-GSO",$K28="MEO"),$AL28=CZ$19),$AK28*Space_Debris_Loss,0)*$Q28*$AE28 -> 0 | DA28: =IF(AND(OR($K28="GEO-GSO",$K28="MEO"),$AL28=DA$19),$AK28*Space_Debris_Loss,0)*$Q28*$AE28 -> 197782.69 | DB28: =IF(AND(OR($K28="GEO-GSO",$K28="MEO"),$AL28="FIBL"),$AK28*Space_Debris_Loss,0)*$Q28*$AE28 -> 0 | DC28: =IF(OR($K28="GEO-GSO",$K28="MEO"),($AK28*BG28-BJ28)*Space_Debris_Loss,0)*$Q28*$AE28 -> 168115.29 | DD28: =IF(OR($K28="GEO-GSO",$K28="MEO"),$AK28*1,0)*$Q28*$AE28*$R28*0.2 -> 0
A29: =B29&"_"&C29 -> 344558_4 | B29: 344558 | C29: 4 | D29: =IFERROR(MATCH(C29,'[4]Custom Earning Pattern Not Popu'!$B$5:$B$428,0),"NA") -> NA | E29: Orbit | F29: 12 | G29: 8814 | H29: 44868 | I29: 45839 | J29: 46203 | K29: GEO-GSO | L29: 45839 | M29: 46203 | N29: Thales Alenia Space France (Cannes) | O29: Thales Alenia Space France (Cannes) | P29: =IFERROR(INDEX($P$10:$P$14,MATCH(DATEDIF($AC$15,M29,"M"),$O$10:$O$14,1)),0) -> 0.2 | Q29: 1 | R29: 0 | S29: =E29 -> Orbit | T29: NULL | U29: Eutelsat | V29: FIID | W29: ASO | X29: W3C/E16A | Y29: SPACEBUS 4000 | Z29: NULL | AA29: 11679640 | AC29: =IF(IF(K29="LEO",ROUNDUP(((M29-$AC$15)/30.5),0)*Q29,0)<0,0,IF(K29="LEO",ROUNDUP(((M29-$AC$15)/30.5),0)*Q29,0)) -> 0 | AD29: {=IF(AC29=0,0,INDEX(Summary!$S$4:$S$7,MATCH(AC29,Summary!$R$4:$R$7)+1))} -> 0 | AE29: =IFERROR(INDEX(Summary!$Y$4:$Y$6,MATCH('Input Data'!K29,Summary!$U$4:$U$6,0)),0) -> 0.05 | AF29: =IF(I29>=DATE(2024,7,1),TRUE,FALSE) -> TRUE | AG29: =IF(AF29,INDEX('IG Equity Share'!$B:$B,MATCH(YEAR(I29),'IG Equity Share'!$A:$A,0)),0) -> 0.075 | AH29: =AJ29*AG29*_xlfn.XLOOKUP(I29,'S3123 Consortium Share'!$A$3:$A$5,'S3123 Consortium Share'!$F$3:$F$5,,-1) -> 364988.76 | AI29: 1 | AJ29: =AA29 -> 11679640 | AK29: =AJ29/AI29*Q29 -> 11679640 | AL29: =V29 -> FIID | AM29: =YEAR(I29) -> 2025 | AN29: =INDEX('[2]Input Data'!$AH:$AH,MATCH(A29,'[2]Input Data'!$A:$A,0),1)-AH29 -> 0 | AO29: =+IF(AND($I29<=AO$8,$I29>=AO$7),$AK29*AO$11,0) -> 0 | AP29: =+IF(AND($I29<=AP$8,$I29>=AP$7),$AK29*AP$11,0) -> 0 | AQ29: =+IF(AND($I29<=AQ$8,$I29>=AQ$7),$AK29*AQ$11,0) -> 0 | AR29: =+IF(AND($I29<=AR$8,$I29>=AR$7),$AK29*AR$11,0) -> 0 | AS29: =+IF(AND($I29<=AS$8,$I29>=AS$7),$AK29*AS$11,0) -> 0 | AT29: =+IF(AND($I29<=AT$8,$I29>=AT$7),$AK29*AT$11,0) -> 0 | AU29: =+IF(AND($I29<=AU$8,$I29>=AU$7),$AK29*AU$11,0) -> 2335928.1 | AV29: =+IF(AND($I29<=AV$8,$I29>=AV$7),$AK29*AV$11,0) -> 0 | AY29: =SUM(AO29:AX29) -> 2335928.1 | AZ29: =+AO29+AP29 -> 0 | BB29: =+AK29-AY29 -> 9343712.3 | BC29: =SUM(AO29) -> 0 | BD29: =AND(AF29,NOT(ISNUMBER(MATCH(G29,Table1[Excluded Spacecraft ID],0)))) -> TRUE | BE29: =BD29*AK29*_xlfn.XLOOKUP(I29,Table2[Date From],Table2[Cession],"Error",-1)*_xlfn.XLOOKUP(I29,'S3123 Consortium Share'!$A$3:$A$5,'S3123 Consortium Share'!$F$3:$F$5,,-1) -> 973303.36 | BF29: =+BB29-BC29 -> 9343712.3 | BG29: {=IF(V29="FIBL",0,INDEX('IGR QS'!$A$1:$D$570,MATCH('Input Data'!V29&'Input Data'!W29&'Input Data'!AM29,'IGR QS'!A:A&'IGR QS'!B:B&'IGR QS'!C:C,0),4))} -> 0.85 | BH29: =+BF29*BG29 -> 7942155.4 | BI29: =+BF29-BH29 -> 1401556.8 | BJ29: =IF(AND(V29=FIID,(BI29>FIID_Deductible)),MIN(BI29-FIID_Deductible,FIID_Limit),IF(AND(V29=FUL,(BI29>FUL_Deductible)),MIN(BI29-FUL_Deductible,FUL_Limit),0)) -> 0 | BK29: =BH29+BJ29 -> 7942155.4 | BL29: =+BI29-BJ29 -> 1401556.8 | BN29: =SUMIFS($BL:$BL,$N:$N,$N29,$Q:$Q,1) -> 33962303 | BO29: =SUMIFS($BL:$BL,$N:$N,$N29,$Q:$Q,1,$AL:$AL,$BO$18) -> 20011429 | BP29: =SUMIFS($BL:$BL,$N:$N,$N29,$V:$V,BP$18) -> 13950874 | BQ29: =SUMIFS($BK:$BK,$N:$N,$N29) -> 99066383 | BR29: =SUMIFS($AY:$AY,$N:$N,$N29) -> 33257171 | BT29: =SUMIFS($BF:$BF,$C:$C,$C29) -> 15269337 | BU29: =SUMIFS($BL:$BL,$C:$C,$C29) -> 3749450.5 | BV29: =SUMIFS($BK:$BK,$C:$C,$C29) -> 11519887 | BW29: =SUMIFS($AY:$AY,$C:$C,$C29) -> 3817334.3 | BY29: =IF($K29="GEO-GSO",$AK29*Proton_Flare_InsLoss,0)*Q29 -> 583982.02 | BZ29: =IF(AND($K29="GEO-GSO",AL29="FUL"),$AK29*Proton_Flare_InsLoss,0)*$Q29 -> 0 | CA29: =IF(AND($K29="GEO-GSO",AL29="FIID"),$AK29*Proton_Flare_InsLoss,0)*$Q29 -> 583982.02 | CB29: =IF(AND($K29="GEO-GSO",AL29="FIBL"),$AK29*Proton_Flare_InsLoss,0)*$Q29 -> 0 | CC29: =IF($K29="GEO-GSO",(AK29*BG29-BJ29)*Proton_Flare_InsLoss,0)*Q29 -> 496384.71 | CD29: =IF($K29="GEO-GSO",$AK29*Proton_Flare_InsLoss,0)*$Q29*$R29*0.2 -> 0 | CH29: SSL (Space Systems/Loral) | CI29: =SUMIFS($AK:$AK,$K:$K,"GEO-GSO",$N:$N,$CH29,$Q:$Q,1) -> 1.1579902e+08 | CJ29: =SUMIFS($AK:$AK,$K:$K,"GEO-GSO",$N:$N,$CH29,$Q:$Q,1,$AL:$AL,CJ$19) -> 90086864 | CK29: =SUMIFS($AK:$AK,$K:$K,"GEO-GSO",$N:$N,$CH29,$Q:$Q,1,$AL:$AL,CK$19) -> 25712155 | CL29: =SUMIFS($AK:$AK,$K:$K,"GEO-GSO",$N:$N,$CH29,$Q:$Q,1,$AL:$AL,"FIBL") -> 0 | CM29: =SUMIFS($BK:$BK,$K:$K,"GEO-GSO",$N:$N,CH29,$Q:$Q,1) -> 50319014 | CN29: =SUMIFS($AK:$AK,$K:$K,"GEO-GSO",$N:$N,$CH29,$Q:$Q,1,$R:$R,1)*0.2 -> 0 | CR29: =IF(OR($K29="GEO-GSO",$K29="MEO"),$AK29*Generic_Defect_Loss,0)*$Q29*$P29 -> 1167964 | CS29: =IF(AND(OR($K29="GEO-GSO",$K29="MEO"),$AL29=CS$19),$AK29*Generic_Defect_Loss,0)*$Q29*$P29 -> 0 | CT29: =IF(AND(OR($K29="GEO-GSO",$K29="MEO"),$AL29=CT$19),$AK29*Generic_Defect_Loss,0)*$Q29*$P29 -> 1167964 | CU29: =IF(AND(OR($K29="GEO-GSO",$K29="MEO"),$AL29="FIBL"),$AK29*Generic_Defect_Loss,0)*$Q29*$P29 -> 0 | CV29: =IF(OR($K29="GEO-GSO",$K29="MEO"),($AK29*BG29-BJ29)*Generic_Defect_Loss,0)*$Q29*$P29 -> 992769.43 | CW29: =IF(OR($K29="GEO-GSO",$K29="MEO"),$AK29*Generic_Defect_Loss,0)*$Q29*$P29*$R29*0.2 -> 0 | CY29: =IF(OR($K29="GEO-GSO",$K29="MEO"),$AK29*Space_Debris_Loss,0)*$Q29*$AE29 -> 583982.02 | CZ29: =IF(AND(OR($K29="GEO-GSO",$K29="MEO"),$AL29=CZ$19),$AK29*Space_Debris_Loss,0)*$Q29*$AE29 -> 0 | DA29: =IF(AND(OR($K29="GEO-GSO",$K29="MEO"),$AL29=DA$19),$AK29*Space_Debris_Loss,0)*$Q29*$AE29 -> 583982.02 | DB29: =IF(AND(OR($K29="GEO-GSO",$K29="MEO"),$AL29="FIBL"),$AK29*Space_Debris_Loss,0)*$Q29*$AE29 -> 0 | DC29: =IF(OR($K29="GEO-GSO",$K29="MEO"),($AK29*BG29-BJ29)*Space_Debris_Loss,0)*$Q29*$AE29 -> 496384.71 | DD29: =IF(OR($K29="GEO-GSO",$K29="MEO"),$AK29*1,0)*$Q29*$AE29*$R29*0.2 -> 0
A30: =B30&"_"&C30 -> 344558_5 | B30: 344558 | C30: 5 | D30: =IFERROR(MATCH(C30,'[4]Custom Earning Pattern Not Popu'!$B$5:$B$428,0),"NA") -> NA | E30: Orbit | F30: 12 | G30: 8837 | H30: 44811 | I30: 45839 | J30: 46203 | K30: GEO-GSO | L30: 45839 | M30: 46203 | N30: Astrium Satellites SAS (Toulouse) (Part of EADS) | O30: Astrium Satellites SAS (Toulouse) (Part of EADS) | P30: =IFERROR(INDEX($P$10:$P$14,MATCH(DATEDIF($AC$15,M30,"M"),$O$10:$O$14,1)),0) -> 0.2 | Q30: 1 | R30: 0 | S30: =E30 -> Orbit | T30: NULL | U30: Eutelsat | V30: FIID | W30: ASO | X30: AB7/E7WA | Y30: EUROSTAR E3000 | Z30: NULL | AA30: 11922926 | AC30: =IF(IF(K30="LEO",ROUNDUP(((M30-$AC$15)/30.5),0)*Q30,0)<0,0,IF(K30="LEO",ROUNDUP(((M30-$AC$15)/30.5),0)*Q30,0)) -> 0 | AD30: {=IF(AC30=0,0,INDEX(Summary!$S$4:$S$7,MATCH(AC30,Summary!$R$4:$R$7)+1))} -> 0 | AE30: =IFERROR(INDEX(Summary!$Y$4:$Y$6,MATCH('Input Data'!K30,Summary!$U$4:$U$6,0)),0) -> 0.05 | AF30: =IF(I30>=DATE(2024,7,1),TRUE,FALSE) -> TRUE | AG30: =IF(AF30,INDEX('IG Equity Share'!$B:$B,MATCH(YEAR(I30),'IG Equity Share'!$A:$A,0)),0) -> 0.075 | AH30: =AJ30*AG30*_xlfn.XLOOKUP(I30,'S3123 Consortium Share'!$A$3:$A$5,'S3123 Consortium Share'!$F$3:$F$5,,-1) -> 372591.44 | AI30: 1 | AJ30: =AA30 -> 11922926 | AK30: =AJ30/AI30*Q30 -> 11922926 | AL30: =V30 -> FIID | AM30: =YEAR(I30) -> 2025 | AN30: =INDEX('[2]Input Data'!$AH:$AH,MATCH(A30,'[2]Input Data'!$A:$A,0),1)-AH30 -> 0 | AO30: =+IF(AND($I30<=AO$8,$I30>=AO$7),$AK30*AO$11,0) -> 0 | AP30: =+IF(AND($I30<=AP$8,$I30>=AP$7),$AK30*AP$11,0) -> 0 | AQ30: =+IF(AND($I30<=AQ$8,$I30>=AQ$7),$AK30*AQ$11,0) -> 0 | AR30: =+IF(AND($I30<=AR$8,$I30>=AR$7),$AK30*AR$11,0) -> 0 | AS30: =+IF(AND($I30<=AS$8,$I30>=AS$7),$AK30*AS$11,0) -> 0 | AT30: =+IF(AND($I30<=AT$8,$I30>=AT$7),$AK30*AT$11,0) -> 0 | AU30: =+IF(AND($I30<=AU$8,$I30>=AU$7),$AK30*AU$11,0) -> 2384585.2 | AV30: =+IF(AND($I30<=AV$8,$I30>=AV$7),$AK30*AV$11,0) -> 0 | AY30: =SUM(AO30:AX30) -> 2384585.2 | AZ30: =+AO30+AP30 -> 0 | BB30: =+AK30-AY30 -> 9538340.9 | BC30: =SUM(AO30) -> 0 | BD30: =AND(AF30,NOT(ISNUMBER(MATCH(G30,Table1[Excluded Spacecraft ID],0)))) -> TRUE | BE30: =BD30*AK30*_xlfn.XLOOKUP(I30,Table2[Date From],Table2[Cession],"Error",-1)*_xlfn.XLOOKUP(I30,'S3123 Consortium Share'!$A$3:$A$5,'S3123 Consortium Share'!$F$3:$F$5,,-1) -> 993577.18 | BF30: =+BB30-BC30 -> 9538340.9 | BG30: {=IF(V30="FIBL",0,INDEX('IGR QS'!$A$1:$D$570,MATCH('Input Data'!V30&'Input Data'!W30&'Input Data'!AM30,'IGR QS'!A:A&'IGR QS'!B:B&'IGR QS'!C:C,0),4))} -> 0.85 | BH30: =+BF30*BG30 -> 8107589.8 | BI30: =+BF30-BH30 -> 1430751.1 | BJ30: =IF(AND(V30=FIID,(BI30>FIID_Deductible)),MIN(BI30-FIID_Deductible,FIID_Limit),IF(AND(V30=FUL,(BI30>FUL_Deductible)),MIN(BI30-FUL_Deductible,FUL_Limit),0)) -> 0 | BK30: =BH30+BJ30 -> 8107589.8 | BL30: =+BI30-BJ30 -> 1430751.1 | BN30: =SUMIFS($BL:$BL,$N:$N,$N30,$Q:$Q,1) -> 17510967 | BO30: =SUMIFS($BL:$BL,$N:$N,$N30,$Q:$Q,1,$AL:$AL,$BO$18) -> 14332947 | BP30: =SUMIFS($BL:$BL,$N:$N,$N30,$V:$V,BP$18) -> 3178019.9 | BQ30: =SUMIFS($BK:$BK,$N:$N,$N30) -> 32341726 | BR30: =SUMIFS($AY:$AY,$N:$N,$N30) -> 12463173 | BT30: =SUMIFS($BF:$BF,$C:$C,$C30) -> 24656652 | BU30: =SUMIFS($BL:$BL,$C:$C,$C30) -> 8989906.7 | BV30: =SUMIFS($BK:$BK,$C:$C,$C30) -> 15666745 | BW30: =SUMIFS($AY:$AY,$C:$C,$C30) -> 6164163 | BY30: =IF($K30="GEO-GSO",$AK30*Proton_Flare_InsLoss,0)*Q30 -> 596146.31 | BZ30: =IF(AND($K30="GEO-GSO",AL30="FUL"),$AK30*Proton_Flare_InsLoss,0)*$Q30 -> 0 | CA30: =IF(AND($K30="GEO-GSO",AL30="FIID"),$AK30*Proton_Flare_InsLoss,0)*$Q30 -> 596146.31 | CB30: =IF(AND($K30="GEO-GSO",AL30="FIBL"),$AK30*Proton_Flare_InsLoss,0)*$Q30 -> 0 | CC30: =IF($K30="GEO-GSO",(AK30*BG30-BJ30)*Proton_Flare_InsLoss,0)*Q30 -> 506724.36 | CD30: =IF($K30="GEO-GSO",$AK30*Proton_Flare_InsLoss,0)*$Q30*$R30*0.2 -> 0 | CH30: CAST - Chinese Academy of Space Technology | CI30: =SUMIFS($AK:$AK,$K:$K,"GEO-GSO",$N:$N,$CH30,$Q:$Q,1) -> 21649484 | CJ30: =SUMIFS($AK:$AK,$K:$K,"GEO-GSO",$N:$N,$CH30,$Q:$Q,1,$AL:$AL,CJ$19) -> 21649484 | CK30: =SUMIFS($AK:$AK,$K:$K,"GEO-GSO",$N:$N,$CH30,$Q:$Q,1,$AL:$AL,CK$19) -> 0 | CL30: =SUMIFS($AK:$AK,$K:$K,"GEO-GSO",$N:$N,$CH30,$Q:$Q,1,$AL:$AL,"FIBL") -> 0 | CM30: =SUMIFS($BK:$BK,$K:$K,"GEO-GSO",$N:$N,CH30,$Q:$Q,1) -> 8659793.8 | CN30: =SUMIFS($AK:$AK,$K:$K,"GEO-GSO",$N:$N,$CH30,$Q:$Q,1,$R:$R,1)*0.2 -> 0 | CR30: =IF(OR($K30="GEO-GSO",$K30="MEO"),$AK30*Generic_Defect_Loss,0)*$Q30*$P30 -> 1192292.6 | CS30: =IF(AND(OR($K30="GEO-GSO",$K30="MEO"),$AL30=CS$19),$AK30*Generic_Defect_Loss,0)*$Q30*$P30 -> 0 | CT30: =IF(AND(OR($K30="GEO-GSO",$K30="MEO"),$AL30=CT$19),$AK30*Generic_Defect_Loss,0)*$Q30*$P30 -> 1192292.6 | CU30: =IF(AND(OR($K30="GEO-GSO",$K30="MEO"),$AL30="FIBL"),$AK30*Generic_Defect_Loss,0)*$Q30*$P30 -> 0 | CV30: =IF(OR($K30="GEO-GSO",$K30="MEO"),($AK30*BG30-BJ30)*Generic_Defect_Loss,0)*$Q30*$P30 -> 1013448.7 | CW30: =IF(OR($K30="GEO-GSO",$K30="MEO"),$AK30*Generic_Defect_Loss,0)*$Q30*$P30*$R30*0.2 -> 0 | CY30: =IF(OR($K30="GEO-GSO",$K30="MEO"),$AK30*Space_Debris_Loss,0)*$Q30*$AE30 -> 596146.31 | CZ30: =IF(AND(OR($K30="GEO-GSO",$K30="MEO"),$AL30=CZ$19),$AK30*Space_Debris_Loss,0)*$Q30*$AE30 -> 0 | DA30: =IF(AND(OR($K30="GEO-GSO",$K30="MEO"),$AL30=DA$19),$AK30*Space_Debris_Loss,0)*$Q30*$AE30 -> 596146.31 | DB30: =IF(AND(OR($K30="GEO-GSO",$K30="MEO"),$AL30="FIBL"),$AK30*Space_Debris_Loss,0)*$Q30*$AE30 -> 0 | DC30: =IF(OR($K30="GEO-GSO",$K30="MEO"),($AK30*BG30-BJ30)*Space_Debris_Loss,0)*$Q30*$AE30 -> 506724.36 | DD30: =IF(OR($K30="GEO-GSO",$K30="MEO"),$AK30*1,0)*$Q30*$AE30*$R30*0.2 -> 0
A31: =B31&"_"&C31 -> 344558_6 | B31: 344558 | C31: 6 | D31: =IFERROR(MATCH(C31,'[4]Custom Earning Pattern Not Popu'!$B$5:$B$428,0),"NA") -> NA | E31: Orbit | F31: 12 | G31: 8977 | H31: 44888 | I31: 45839 | J31: 46203 | K31: GEO-GSO | L31: 45839 | M31: 46203 | N31: SSL (Space Systems/Loral - Part of Maxar) | O31: SSL (Space Systems/Loral - Part of Maxar) | P31: =IFERROR(INDEX($P$10:$P$14,MATCH(DATEDIF($AC$15,M31,"M"),$O$10:$O$14,1)),0) -> 0.2 | Q31: 1 | R31: 0 | S31: =E31 -> Orbit | T31: NULL | U31: Eutelsat | V31: FIID | W31: ASO | X31: E117WA (S8) | Y31: MAXAR 1300 | Z31: NULL | AA31: 6390959 | AC31: =IF(IF(K31="LEO",ROUNDUP(((M31-$AC$15)/30.5),0)*Q31,0)<0,0,IF(K31="LEO",ROUNDUP(((M31-$AC$15)/30.5),0)*Q31,0)) -> 0 | AD31: {=IF(AC31=0,0,INDEX(Summary!$S$4:$S$7,MATCH(AC31,Summary!$R$4:$R$7)+1))} -> 0 | AE31: =IFERROR(INDEX(Summary!$Y$4:$Y$6,MATCH('Input Data'!K31,Summary!$U$4:$U$6,0)),0) -> 0.05 | AF31: =IF(I31>=DATE(2024,7,1),TRUE,FALSE) -> TRUE | AG31: =IF(AF31,INDEX('IG Equity Share'!$B:$B,MATCH(YEAR(I31),'IG Equity Share'!$A:$A,0)),0) -> 0.075 | AH31: =AJ31*AG31*_xlfn.XLOOKUP(I31,'S3123 Consortium Share'!$A$3:$A$5,'S3123 Consortium Share'!$F$3:$F$5,,-1) -> 199717.47 | AI31: 1 | AJ31: =AA31 -> 6390959 | AK31: =AJ31/AI31*Q31 -> 6390959 | AL31: =V31 -> FIID | AM31: =YEAR(I31) -> 2025 | AN31: =INDEX('[2]Input Data'!$AH:$AH,MATCH(A31,'[2]Input Data'!$A:$A,0),1)-AH31 -> 0 | AO31: =+IF(AND($I31<=AO$8,$I31>=AO$7),$AK31*AO$11,0) -> 0 | AP31: =+IF(AND($I31<=AP$8,$I31>=AP$7),$AK31*AP$11,0) -> 0 | AQ31: =+IF(AND($I31<=AQ$8,$I31>=AQ$7),$AK31*AQ$11,0) -> 0 | AR31: =+IF(AND($I31<=AR$8,$I31>=AR$7),$AK31*AR$11,0) -> 0 | AS31: =+IF(AND($I31<=AS$8,$I31>=AS$7),$AK31*AS$11,0) -> 0 | AT31: =+IF(AND($I31<=AT$8,$I31>=AT$7),$AK31*AT$11,0) -> 0 | AU31: =+IF(AND($I31<=AU$8,$I31>=AU$7),$AK31*AU$11,0) -> 1278191.8 | AV31: =+IF(AND($I31<=AV$8,$I31>=AV$7),$AK31*AV$11,0) -> 0 | AY31: =SUM(AO31:AX31) -> 1278191.8 | AZ31: =+AO31+AP31 -> 0 | BB31: =+AK31-AY31 -> 5112767.2 | BC31: =SUM(AO31) -> 0 | BD31: =AND(AF31,NOT(ISNUMBER(MATCH(G31,Table1[Excluded Spacecraft ID],0)))) -> TRUE | BE31: =BD31*AK31*_xlfn.XLOOKUP(I31,Table2[Date From],Table2[Cession],"Error",-1)*_xlfn.XLOOKUP(I31,'S3123 Consortium Share'!$A$3:$A$5,'S3123 Consortium Share'!$F$3:$F$5,,-1) -> 532579.92 | BF31: =+BB31-BC31 -> 5112767.2 | BG31: {=IF(V31="FIBL",0,INDEX('IGR QS'!$A$1:$D$570,MATCH('Input Data'!V31&'Input Data'!W31&'Input Data'!AM31,'IGR QS'!A:A&'IGR QS'!B:B&'IGR QS'!C:C,0),4))} -> 0.85 | BH31: =+BF31*BG31 -> 4345852.1 | BI31: =+BF31-BH31 -> 766915.08 | BJ31: =IF(AND(V31=FIID,(BI31>FIID_Deductible)),MIN(BI31-FIID_Deductible,FIID_Limit),IF(AND(V31=FUL,(BI31>FUL_Deductible)),MIN(BI31-FUL_Deductible,FUL_Limit),0)) -> 0 | BK31: =BH31+BJ31 -> 4345852.1 | BL31: =+BI31-BJ31 -> 766915.08 | BN31: =SUMIFS($BL:$BL,$N:$N,$N31,$Q:$Q,1) -> 14120405 | BO31: =SUMIFS($BL:$BL,$N:$N,$N31,$Q:$Q,1,$AL:$AL,$BO$18) -> 12318062 | BP31: =SUMIFS($BL:$BL,$N:$N,$N31,$V:$V,BP$18) -> 1802342.8 | BQ31: =SUMIFS($BK:$BK,$N:$N,$N31) -> 22531337 | BR31: =SUMIFS($AY:$AY,$N:$N,$N31) -> 9162935.5 | BT31: =SUMIFS($BF:$BF,$C:$C,$C31) -> 16735239 | BU31: =SUMIFS($BL:$BL,$C:$C,$C31) -> 6578151 | BV31: =SUMIFS($BK:$BK,$C:$C,$C31) -> 10157088 | BW31: =SUMIFS($AY:$AY,$C:$C,$C31) -> 4183809.8 | BY31: =IF($K31="GEO-GSO",$AK31*Proton_Flare_InsLoss,0)*Q31 -> 319547.95 | BZ31: =IF(AND($K31="GEO-GSO",AL31="FUL"),$AK31*Proton_Flare_InsLoss,0)*$Q31 -> 0 | CA31: =IF(AND($K31="GEO-GSO",AL31="FIID"),$AK31*Proton_Flare_InsLoss,0)*$Q31 -> 319547.95 | CB31: =IF(AND($K31="GEO-GSO",AL31="FIBL"),$AK31*Proton_Flare_InsLoss,0)*$Q31 -> 0 | CC31: =IF($K31="GEO-GSO",(AK31*BG31-BJ31)*Proton_Flare_InsLoss,0)*Q31 -> 271615.76 | CD31: =IF($K31="GEO-GSO",$AK31*Proton_Flare_InsLoss,0)*$Q31*$R31*0.2 -> 0 | CH31: ORBITAL ATK INC. | CI31: =SUMIFS($AK:$AK,$K:$K,"GEO-GSO",$N:$N,$CH31,$Q:$Q,1) -> 23195876 | CJ31: =SUMIFS($AK:$AK,$K:$K,"GEO-GSO",$N:$N,$CH31,$Q:$Q,1,$AL:$AL,CJ$19) -> 23195876 | CK31: =SUMIFS($AK:$AK,$K:$K,"GEO-GSO",$N:$N,$CH31,$Q:$Q,1,$AL:$AL,CK$19) -> 0 | CL31: =SUMIFS($AK:$AK,$K:$K,"GEO-GSO",$N:$N,$CH31,$Q:$Q,1,$AL:$AL,"FIBL") -> 0 | CM31: =SUMIFS($BK:$BK,$K:$K,"GEO-GSO",$N:$N,CH31,$Q:$Q,1) -> 9278350.5 | CN31: =SUMIFS($AK:$AK,$K:$K,"GEO-GSO",$N:$N,$CH31,$Q:$Q,1,$R:$R,1)*0.2 -> 0 | CR31: =IF(OR($K31="GEO-GSO",$K31="MEO"),$AK31*Generic_Defect_Loss,0)*$Q31*$P31 -> 639095.9 | CS31: =IF(AND(OR($K31="GEO-GSO",$K31="MEO"),$AL31=CS$19),$AK31*Generic_Defect_Loss,0)*$Q31*$P31 -> 0 | CT31: =IF(AND(OR($K31="GEO-GSO",$K31="MEO"),$AL31=CT$19),$AK31*Generic_Defect_Loss,0)*$Q31*$P31 -> 639095.9 | CU31: =IF(AND(OR($K31="GEO-GSO",$K31="MEO"),$AL31="FIBL"),$AK31*Generic_Defect_Loss,0)*$Q31*$P31 -> 0 | CV31: =IF(OR($K31="GEO-GSO",$K31="MEO"),($AK31*BG31-BJ31)*Generic_Defect_Loss,0)*$Q31*$P31 -> 543231.52 | CW31: =IF(OR($K31="GEO-GSO",$K31="MEO"),$AK31*Generic_Defect_Loss,0)*$Q31*$P31*$R31*0.2 -> 0 | CY31: =IF(OR($K31="GEO-GSO",$K31="MEO"),$AK31*Space_Debris_Loss,0)*$Q31*$AE31 -> 319547.95 | CZ31: =IF(AND(OR($K31="GEO-GSO",$K31="MEO"),$AL31=CZ$19),$AK31*Space_Debris_Loss,0)*$Q31*$AE31 -> 0 | DA31: =IF(AND(OR($K31="GEO-GSO",$K31="MEO"),$AL31=DA$19),$AK31*Space_Debris_Loss,0)*$Q31*$AE31 -> 319547.95 | DB31: =IF(AND(OR($K31="GEO-GSO",$K31="MEO"),$AL31="FIBL"),$AK31*Space_Debris_Loss,0)*$Q31*$AE31 -> 0 | DC31: =IF(OR($K31="GEO-GSO",$K31="MEO"),($AK31*BG31-BJ31)*Space_Debris_Loss,0)*$Q31*$AE31 -> 271615.76 | DD31: =IF(OR($K31="GEO-GSO",$K31="MEO"),$AK31*1,0)*$Q31*$AE31*$R31*0.2 -> 0
A32: =B32&"_"&C32 -> 344558_7 | B32: 344558 | C32: 7 | D32: =IFERROR(MATCH(C32,'[4]Custom Earning Pattern Not Popu'!$B$5:$B$428,0),"NA") -> NA | E32: Orbit | F32: 12 | G32: 9000 | H32: 44849 | I32: 45839 | J32: 46203 | K32: GEO-GSO | L32: 45839 | M32: 46203 | N32: Thales Alenia Space France (Cannes) | O32: Thales Alenia Space France (Cannes) | P32: =IFERROR(INDEX($P$10:$P$14,MATCH(DATEDIF($AC$15,M32,"M"),$O$10:$O$14,1)),0) -> 0.2 | Q32: 1 | R32: 0 | S32: =E32 -> Orbit | T32: NULL | U32: Eutelsat | V32: FIID | W32: ASO | X32: W6A/E21B | Y32: SPACEBUS 4000 | Z32: NULL | AA32: 8472635 | AC32: =IF(IF(K32="LEO",ROUNDUP(((M32-$AC$15)/30.5),0)*Q32,0)<0,0,IF(K32="LEO",ROUNDUP(((M32-$AC$15)/30.5),0)*Q32,0)) -> 0 | AD32: {=IF(AC32=0,0,INDEX(Summary!$S$4:$S$7,MATCH(AC32,Summary!$R$4:$R$7)+1))} -> 0 | AE32: =IFERROR(INDEX(Summary!$Y$4:$Y$6,MATCH('Input Data'!K32,Summary!$U$4:$U$6,0)),0) -> 0.05 | AF32: =IF(I32>=DATE(2024,7,1),TRUE,FALSE) -> TRUE | AG32: =IF(AF32,INDEX('IG Equity Share'!$B:$B,MATCH(YEAR(I32),'IG Equity Share'!$A:$A,0)),0) -> 0.075 | AH32: =AJ32*AG32*_xlfn.XLOOKUP(I32,'S3123 Consortium Share'!$A$3:$A$5,'S3123 Consortium Share'!$F$3:$F$5,,-1) -> 264769.84 | AI32: 1 | AJ32: =AA32 -> 8472635 | AK32: =AJ32/AI32*Q32 -> 8472635 | AL32: =V32 -> FIID | AM32: =YEAR(I32) -> 2025 | AN32: =INDEX('[2]Input Data'!$AH:$AH,MATCH(A32,'[2]Input Data'!$A:$A,0),1)-AH32 -> 0 | AO32: =+IF(AND($I32<=AO$8,$I32>=AO$7),$AK32*AO$11,0) -> 0 | AP32: =+IF(AND($I32<=AP$8,$I32>=AP$7),$AK32*AP$11,0) -> 0 | AQ32: =+IF(AND($I32<=AQ$8,$I32>=AQ$7),$AK32*AQ$11,0) -> 0 | AR32: =+IF(AND($I32<=AR$8,$I32>=AR$7),$AK32*AR$11,0) -> 0 | AS32: =+IF(AND($I32<=AS$8,$I32>=AS$7),$AK32*AS$11,0) -> 0 | AT32: =+IF(AND($I32<=AT$8,$I32>=AT$7),$AK32*AT$11,0) -> 0 | AU32: =+IF(AND($I32<=AU$8,$I32>=AU$7),$AK32*AU$11,0) -> 1694527 | AV32: =+IF(AND($I32<=AV$8,$I32>=AV$7),$AK32*AV$11,0) -> 0 | AY32: =SUM(AO32:AX32) -> 1694527 | AZ32: =+AO32+AP32 -> 0 | BB32: =+AK32-AY32 -> 6778108 | BC32: =SUM(AO32) -> 0 | BD32: =AND(AF32,NOT(ISNUMBER(MATCH(G32,Table1[Excluded Spacecraft ID],0)))) -> TRUE | BE32: =BD32*AK32*_xlfn.XLOOKUP(I32,Table2[Date From],Table2[Cession],"Error",-1)*_xlfn.XLOOKUP(I32,'S3123 Consortium Share'!$A$3:$A$5,'S3123 Consortium Share'!$F$3:$F$5,,-1) -> 706052.92 | BF32: =+BB32-BC32 -> 6778108 | BG32: {=IF(V32="FIBL",0,INDEX('IGR QS'!$A$1:$D$570,MATCH('Input Data'!V32&'Input Data'!W32&'Input Data'!AM32,'IGR QS'!A:A&'IGR QS'!B:B&'IGR QS'!C:C,0),4))} -> 0.85 | BH32: =+BF32*BG32 -> 5761391.8 | BI32: =+BF32-BH32 -> 1016716.2 | BJ32: =IF(AND(V32=FIID,(BI32>FIID_Deductible)),MIN(BI32-FIID_Deductible,FIID_Limit),IF(AND(V32=FUL,(BI32>FUL_Deductible)),MIN(BI32-FUL_Deductible,FUL_Limit),0)) -> 0 | BK32: =BH32+BJ32 -> 5761391.8 | BL32: =+BI32-BJ32 -> 1016716.2 | BN32: =SUMIFS($BL:$BL,$N:$N,$N32,$Q:$Q,1) -> 33962303 | BO32: =SUMIFS($BL:$BL,$N:$N,$N32,$Q:$Q,1,$AL:$AL,$BO$18) -> 20011429 | BP32: =SUMIFS($BL:$BL,$N:$N,$N32,$V:$V,BP$18) -> 13950874 | BQ32: =SUMIFS($BK:$BK,$N:$N,$N32) -> 99066383 | BR32: =SUMIFS($AY:$AY,$N:$N,$N32) -> 33257171 | BT32: =SUMIFS($BF:$BF,$C:$C,$C32) -> 6778108 | BU32: =SUMIFS($BL:$BL,$C:$C,$C32) -> 1016716.2 | BV32: =SUMIFS($BK:$BK,$C:$C,$C32) -> 5761391.8 | BW32: =SUMIFS($AY:$AY,$C:$C,$C32) -> 1694527 | BY32: =IF($K32="GEO-GSO",$AK32*Proton_Flare_InsLoss,0)*Q32 -> 423631.75 | BZ32: =IF(AND($K32="GEO-GSO",AL32="FUL"),$AK32*Proton_Flare_InsLoss,0)*$Q32 -> 0 | CA32: =IF(AND($K32="GEO-GSO",AL32="FIID"),$AK32*Proton_Flare_InsLoss,0)*$Q32 -> 423631.75 | CB32: =IF(AND($K32="GEO-GSO",AL32="FIBL"),$AK32*Proton_Flare_InsLoss,0)*$Q32 -> 0 | CC32: =IF($K32="GEO-GSO",(AK32*BG32-BJ32)*Proton_Flare_InsLoss,0)*Q32 -> 360086.99 | CD32: =IF($K32="GEO-GSO",$AK32*Proton_Flare_InsLoss,0)*$Q32*$R32*0.2 -> 0 | CH32: Turkish Aerospace Industries (TAI/TUSAs) | CI32: =SUMIFS($AK:$AK,$K:$K,"GEO-GSO",$N:$N,$CH32,$Q:$Q,1) -> 7422681 | CJ32: =SUMIFS($AK:$AK,$K:$K,"GEO-GSO",$N:$N,$CH32,$Q:$Q,1,$AL:$AL,CJ$19) -> 7422681 | CK32: =SUMIFS($AK:$AK,$K:$K,"GEO-GSO",$N:$N,$CH32,$Q:$Q,1,$AL:$AL,CK$19) -> 0 | CL32: =SUMIFS($AK:$AK,$K:$K,"GEO-GSO",$N:$N,$CH32,$Q:$Q,1,$AL:$AL,"FIBL") -> 0 | CM32: =SUMIFS($BK:$BK,$K:$K,"GEO-GSO",$N:$N,CH32,$Q:$Q,1) -> 2969072.4 | CN32: =SUMIFS($AK:$AK,$K:$K,"GEO-GSO",$N:$N,$CH32,$Q:$Q,1,$R:$R,1)*0.2 -> 0 | CR32: =IF(OR($K32="GEO-GSO",$K32="MEO"),$AK32*Generic_Defect_Loss,0)*$Q32*$P32 -> 847263.5 | CS32: =IF(AND(OR($K32="GEO-GSO",$K32="MEO"),$AL32=CS$19),$AK32*Generic_Defect_Loss,0)*$Q32*$P32 -> 0 | CT32: =IF(AND(OR($K32="GEO-GSO",$K32="MEO"),$AL32=CT$19),$AK32*Generic_Defect_Loss,0)*$Q32*$P32 -> 847263.5 | CU32: =IF(AND(OR($K32="GEO-GSO",$K32="MEO"),$AL32="FIBL"),$AK32*Generic_Defect_Loss,0)*$Q32*$P32 -> 0 | CV32: =IF(OR($K32="GEO-GSO",$K32="MEO"),($AK32*BG32-BJ32)*Generic_Defect_Loss,0)*$Q32*$P32 -> 720173.98 | CW32: =IF(OR($K32="GEO-GSO",$K32="MEO"),$AK32*Generic_Defect_Loss,0)*$Q32*$P32*$R32*0.2 -> 0 | CY32: =IF(OR($K32="GEO-GSO",$K32="MEO"),$AK32*Space_Debris_Loss,0)*$Q32*$AE32 -> 423631.75 | CZ32: =IF(AND(OR($K32="GEO-GSO",$K32="MEO"),$AL32=CZ$19),$AK32*Space_Debris_Loss,0)*$Q32*$AE32 -> 0 | DA32: =IF(AND(OR($K32="GEO-GSO",$K32="MEO"),$AL32=DA$19),$AK32*Space_Debris_Loss,0)*$Q32*$AE32 -> 423631.75 | DB32: =IF(AND(OR($K32="GEO-GSO",$K32="MEO"),$AL32="FIBL"),$AK32*Space_Debris_Loss,0)*$Q32*$AE32 -> 0 | DC32: =IF(OR($K32="GEO-GSO",$K32="MEO"),($AK32*BG32-BJ32)*Space_Debris_Loss,0)*$Q32*$AE32 -> 360086.99 | DD32: =IF(OR($K32="GEO-GSO",$K32="MEO"),$AK32*1,0)*$Q32*$AE32*$R32*0.2 -> 0
A33: =B33&"_"&C33 -> 344558_8 | B33: 344558 | C33: 8 | D33: =IFERROR(MATCH(C33,'[4]Custom Earning Pattern Not Popu'!$B$5:$B$428,0),"NA") -> NA | E33: Orbit | F33: 12 | G33: 9004 | H33: 41246 | I33: 45839 | J33: 46203 | K33: GEO-GSO | L33: 45839 | M33: 46203 | N33: Astrium Satellites SAS (Toulouse) (Part of EADS) | O33: Astrium Satellites SAS (Toulouse) (Part of EADS) | P33: =IFERROR(INDEX($P$10:$P$14,MATCH(DATEDIF($AC$15,M33,"M"),$O$10:$O$14,1)),0) -> 0.2 | Q33: 1 | R33: 0 | S33: =E33 -> Orbit | T33: NULL | U33: Eutelsat | V33: FIID | W33: ASO | X33: W5A/E70B | Y33: EUROSTAR E3000 | Z33: NULL | AA33: 8104725.6 | AC33: =IF(IF(K33="LEO",ROUNDUP(((M33-$AC$15)/30.5),0)*Q33,0)<0,0,IF(K33="LEO",ROUNDUP(((M33-$AC$15)/30.5),0)*Q33,0)) -> 0 | AD33: {=IF(AC33=0,0,INDEX(Summary!$S$4:$S$7,MATCH(AC33,Summary!$R$4:$R$7)+1))} -> 0 | AE33: =IFERROR(INDEX(Summary!$Y$4:$Y$6,MATCH('Input Data'!K33,Summary!$U$4:$U$6,0)),0) -> 0.05 | AF33: =IF(I33>=DATE(2024,7,1),TRUE,FALSE) -> TRUE | AG33: =IF(AF33,INDEX('IG Equity Share'!$B:$B,MATCH(YEAR(I33),'IG Equity Share'!$A:$A,0)),0) -> 0.075 | AH33: =AJ33*AG33*_xlfn.XLOOKUP(I33,'S3123 Consortium Share'!$A$3:$A$5,'S3123 Consortium Share'!$F$3:$F$5,,-1) -> 253272.68 | AI33: 1 | AJ33: =AA33 -> 8104725.6 | AK33: =AJ33/AI33*Q33 -> 8104725.6 | AL33: =V33 -> FIID | AM33: =YEAR(I33) -> 2025 | AO33: =+IF(AND($I33<=AO$8,$I33>=AO$7),$AK33*AO$11,0) -> 0 | AP33: =+IF(AND($I33<=AP$8,$I33>=AP$7),$AK33*AP$11,0) -> 0 | AQ33: =+IF(AND($I33<=AQ$8,$I33>=AQ$7),$AK33*AQ$11,0) -> 0 | AR33: =+IF(AND($I33<=AR$8,$I33>=AR$7),$AK33*AR$11,0) -> 0 | AS33: =+IF(AND($I33<=AS$8,$I33>=AS$7),$AK33*AS$11,0) -> 0 | AT33: =+IF(AND($I33<=AT$8,$I33>=AT$7),$AK33*AT$11,0) -> 0 | AU33: =+IF(AND($I33<=AU$8,$I33>=AU$7),$AK33*AU$11,0) -> 1620945.1 | AV33: =+IF(AND($I33<=AV$8,$I33>=AV$7),$AK33*AV$11,0) -> 0 | AY33: =SUM(AO33:AX33) -> 1620945.1 | AZ33: =+AO33+AP33 -> 0 | BB33: =+AK33-AY33 -> 6483780.5 | BC33: =SUM(AO33) -> 0 | BD33: =AND(AF33,NOT(ISNUMBER(MATCH(G33,Table1[Excluded Spacecraft ID],0)))) -> TRUE | BE33: =BD33*AK33*_xlfn.XLOOKUP(I33,Table2[Date From],Table2[Cession],"Error",-1)*_xlfn.XLOOKUP(I33,'S3123 Consortium Share'!$A$3:$A$5,'S3123 Consortium Share'!$F$3:$F$5,,-1) -> 675393.8 | BF33: =+BB33-BC33 -> 6483780.5 | BG33: {=IF(V33="FIBL",0,INDEX('IGR QS'!$A$1:$D$570,MATCH('Input Data'!V33&'Input Data'!W33&'Input Data'!AM33,'IGR QS'!A:A&'IGR QS'!B:B&'IGR QS'!C:C,0),4))} -> 0.85 | BH33: =+BF33*BG33 -> 5511213.4 | BI33: =+BF33-BH33 -> 972567.08 | BJ33: =IF(AND(V33=FIID,(BI33>FIID_Deductible)),MIN(BI33-FIID_Deductible,FIID_Limit),IF(AND(V33=FUL,(BI33>FUL_Deductible)),MIN(BI33-FUL_Deductible,FUL_Limit),0)) -> 0 | BK33: =BH33+BJ33 -> 5511213.4 | BL33: =+BI33-BJ33 -> 972567.08 | BN33: =SUMIFS($BL:$BL,$N:$N,$N33,$Q:$Q,1) -> 17510967 | BO33: =SUMIFS($BL:$BL,$N:$N,$N33,$Q:$Q,1,$AL:$AL,$BO$18) -> 14332947 | BP33: =SUMIFS($BL:$BL,$N:$N,$N33,$V:$V,BP$18) -> 3178019.9 | BQ33: =SUMIFS($BK:$BK,$N:$N,$N33) -> 32341726 | BR33: =SUMIFS($AY:$AY,$N:$N,$N33) -> 12463173 | BT33: =SUMIFS($BF:$BF,$C:$C,$C33) -> 6483780.5 | BU33: =SUMIFS($BL:$BL,$C:$C,$C33) -> 972567.08 | BV33: =SUMIFS($BK:$BK,$C:$C,$C33) -> 5511213.4 | BW33: =SUMIFS($AY:$AY,$C:$C,$C33) -> 1620945.1 | BY33: =IF($K33="GEO-GSO",$AK33*Proton_Flare_InsLoss,0)*Q33 -> 405236.28 | BZ33: =IF(AND($K33="GEO-GSO",AL33="FUL"),$AK33*Proton_Flare_InsLoss,0)*$Q33 -> 0 | CA33: =IF(AND($K33="GEO-GSO",AL33="FIID"),$AK33*Proton_Flare_InsLoss,0)*$Q33 -> 405236.28 | CB33: =IF(AND($K33="GEO-GSO",AL33="FIBL"),$AK33*Proton_Flare_InsLoss,0)*$Q33 -> 0 | CC33: =IF($K33="GEO-GSO",(AK33*BG33-BJ33)*Proton_Flare_InsLoss,0)*Q33 -> 344450.84 | CD33: =IF($K33="GEO-GSO",$AK33*Proton_Flare_InsLoss,0)*$Q33*$R33*0.2 -> 0 | CH33: Maxar Space Systems | CI33: =SUMIFS($AK:$AK,$K:$K,"GEO-GSO",$N:$N,$CH33,$Q:$Q,1) -> 0 | CJ33: =SUMIFS($AK:$AK,$K:$K,"GEO-GSO",$N:$N,$CH33,$Q:$Q,1,$AL:$AL,CJ$19) -> 0 | CK33: =SUMIFS($AK:$AK,$K:$K,"GEO-GSO",$N:$N,$CH33,$Q:$Q,1,$AL:$AL,CK$19) -> 0 | CL33: =SUMIFS($AK:$AK,$K:$K,"GEO-GSO",$N:$N,$CH33,$Q:$Q,1,$AL:$AL,"FIBL") -> 0 | CM33: =SUMIFS($BK:$BK,$K:$K,"GEO-GSO",$N:$N,CH33,$Q:$Q,1) -> 0 | CN33: =SUMIFS($AK:$AK,$K:$K,"GEO-GSO",$N:$N,$CH33,$Q:$Q,1,$R:$R,1)*0.2 -> 0 | CR33: =IF(OR($K33="GEO-GSO",$K33="MEO"),$AK33*Generic_Defect_Loss,0)*$Q33*$P33 -> 810472.56 | CS33: =IF(AND(OR($K33="GEO-GSO",$K33="MEO"),$AL33=CS$19),$AK33*Generic_Defect_Loss,0)*$Q33*$P33 -> 0 | CT33: =IF(AND(OR($K33="GEO-GSO",$K33="MEO"),$AL33=CT$19),$AK33*Generic_Defect_Loss,0)*$Q33*$P33 -> 810472.56 | CU33: =IF(AND(OR($K33="GEO-GSO",$K33="MEO"),$AL33="FIBL"),$AK33*Generic_Defect_Loss,0)*$Q33*$P33 -> 0 | CV33: =IF(OR($K33="GEO-GSO",$K33="MEO"),($AK33*BG33-BJ33)*Generic_Defect_Loss,0)*$Q33*$P33 -> 688901.68 | CW33: =IF(OR($K33="GEO-GSO",$K33="MEO"),$AK33*Generic_Defect_Loss,0)*$Q33*$P33*$R33*0.2 -> 0 | CY33: =IF(OR($K33="GEO-GSO",$K33="MEO"),$AK33*Space_Debris_Loss,0)*$Q33*$AE33 -> 405236.28 | CZ33: =IF(AND(OR($K33="GEO-GSO",$K33="MEO"),$AL33=CZ$19),$AK33*Space_Debris_Loss,0)*$Q33*$AE33 -> 0 | DA33: =IF(AND(OR($K33="GEO-GSO",$K33="MEO"),$AL33=DA$19),$AK33*Space_Debris_Loss,0)*$Q33*$AE33 -> 405236.28 | DB33: =IF(AND(OR($K33="GEO-GSO",$K33="MEO"),$AL33="FIBL"),$AK33*Space_Debris_Loss,0)*$Q33*$AE33 -> 0 | DC33: =IF(OR($K33="GEO-GSO",$K33="MEO"),($AK33*BG33-BJ33)*Space_Debris_Loss,0)*$Q33*$AE33 -> 344450.84 | DD33: =IF(OR($K33="GEO-GSO",$K33="MEO"),$AK33*1,0)*$Q33*$AE33*$R33*0.2 -> 0
A34: =B34&"_"&C34 -> 344558_9 | B34: 344558 | C34: 9 | D34: =IFERROR(MATCH(C34,'[4]Custom Earning Pattern Not Popu'!$B$5:$B$428,0),"NA") -> NA | E34: Orbit | F34: 12 | G34: 9054 | H34: 41408 | I34: 45839 | J34: 46203 | K34: GEO-GSO | L34: 45839 | M34: 46203 | N34: Thales Alenia Space France (Cannes) | O34: Thales Alenia Space France (Cannes) | P34: =IFERROR(INDEX($P$10:$P$14,MATCH(DATEDIF($AC$15,M34,"M"),$O$10:$O$14,1)),0) -> 0.2 | Q34: 1 | R34: 0 | S34: =E34 -> Orbit | T34: NULL | U34: Eutelsat | V34: FIID | W34: ASO | X34: W3D/E3D | Y34: SPACEBUS 4000 | Z34: NULL | AA34: 4138792.9 | AC34: =IF(IF(K34="LEO",ROUNDUP(((M34-$AC$15)/30.5),0)*Q34,0)<0,0,IF(K34="LEO",ROUNDUP(((M34-$AC$15)/30.5),0)*Q34,0)) -> 0 | AD34: {=IF(AC34=0,0,INDEX(Summary!$S$4:$S$7,MATCH(AC34,Summary!$R$4:$R$7)+1))} -> 0 | AE34: =IFERROR(INDEX(Summary!$Y$4:$Y$6,MATCH('Input Data'!K34,Summary!$U$4:$U$6,0)),0) -> 0.05 | AF34: =IF(I34>=DATE(2024,7,1),TRUE,FALSE) -> TRUE | AG34: =IF(AF34,INDEX('IG Equity Share'!$B:$B,MATCH(YEAR(I34),'IG Equity Share'!$A:$A,0)),0) -> 0.075 | AH34: =AJ34*AG34*_xlfn.XLOOKUP(I34,'S3123 Consortium Share'!$A$3:$A$5,'S3123 Consortium Share'!$F$3:$F$5,,-1) -> 129337.28 | AI34: 1 | AJ34: =AA34 -> 4138792.9 | AK34: =AJ34/AI34*Q34 -> 4138792.9 | AL34: =V34 -> FIID | AM34: =YEAR(I34) -> 2025 | AO34: =+IF(AND($I34<=AO$8,$I34>=AO$7),$AK34*AO$11,0) -> 0 | AP34: =+IF(AND($I34<=AP$8,$I34>=AP$7),$AK34*AP$11,0) -> 0 | AQ34: =+IF(AND($I34<=AQ$8,$I34>=AQ$7),$AK34*AQ$11,0) -> 0 | AR34: =+IF(AND($I34<=AR$8,$I34>=AR$7),$AK34*AR$11,0) -> 0 | AS34: =+IF(AND($I34<=AS$8,$I34>=AS$7),$AK34*AS$11,0) -> 0 | AT34: =+IF(AND($I34<=AT$8,$I34>=AT$7),$AK34*AT$11,0) -> 0 | AU34: =+IF(AND($I34<=AU$8,$I34>=AU$7),$AK34*AU$11,0) -> 827758.58 | AV34: =+IF(AND($I34<=AV$8,$I34>=AV$7),$AK34*AV$11,0) -> 0 | AY34: =SUM(AO34:AX34) -> 827758.58 | AZ34: =+AO34+AP34 -> 0 | BB34: =+AK34-AY34 -> 3311034.3 | BC34: =SUM(AO34) -> 0 | BD34: =AND(AF34,NOT(ISNUMBER(MATCH(G34,Table1[Excluded Spacecraft ID],0)))) -> TRUE | BE34: =BD34*AK34*_xlfn.XLOOKUP(I34,Table2[Date From],Table2[Cession],"Error",-1)*_xlfn.XLOOKUP(I34,'S3123 Consortium Share'!$A$3:$A$5,'S3123 Consortium Share'!$F$3:$F$5,,-1) -> 344899.41 | BF34: =+BB34-BC34 -> 3311034.3 | BG34: {=IF(V34="FIBL",0,INDEX('IGR QS'!$A$1:$D$570,MATCH('Input Data'!V34&'Input Data'!W34&'Input Data'!AM34,'IGR QS'!A:A&'IGR QS'!B:B&'IGR QS'!C:C,0),4))} -> 0.85 | BH34: =+BF34*BG34 -> 2814379.2 | BI34: =+BF34-BH34 -> 496655.15 | BJ34: =IF(AND(V34=FIID,(BI34>FIID_Deductible)),MIN(BI34-FIID_Deductible,FIID_Limit),IF(AND(V34=FUL,(BI34>FUL_Deductible)),MIN(BI34-FUL_Deductible,FUL_Limit),0)) -> 0 | BK34: =BH34+BJ34 -> 2814379.2 | BL34: =+BI34-BJ34 -> 496655.15 | BN34: =SUMIFS($BL:$BL,$N:$N,$N34,$Q:$Q,1) -> 33962303 | BO34: =SUMIFS($BL:$BL,$N:$N,$N34,$Q:$Q,1,$AL:$AL,$BO$18) -> 20011429 | BP34: =SUMIFS($BL:$BL,$N:$N,$N34,$V:$V,BP$18) -> 13950874 | BQ34: =SUMIFS($BK:$BK,$N:$N,$N34) -> 99066383 | BR34: =SUMIFS($AY:$AY,$N:$N,$N34) -> 33257171 | BT34: =SUMIFS($BF:$BF,$C:$C,$C34) -> 3311034.3 | BU34: =SUMIFS($BL:$BL,$C:$C,$C34) -> 496655.15 | BV34: =SUMIFS($BK:$BK,$C:$C,$C34) -> 2814379.2 | BW34: =SUMIFS($AY:$AY,$C:$C,$C34) -> 827758.58 | BY34: =IF($K34="GEO-GSO",$AK34*Proton_Flare_InsLoss,0)*Q34 -> 206939.64 | BZ34: =IF(AND($K34="GEO-GSO",AL34="FUL"),$AK34*Proton_Flare_InsLoss,0)*$Q34 -> 0 | CA34: =IF(AND($K34="GEO-GSO",AL34="FIID"),$AK34*Proton_Flare_InsLoss,0)*$Q34 -> 206939.64 | CB34: =IF(AND($K34="GEO-GSO",AL34="FIBL"),$AK34*Proton_Flare_InsLoss,0)*$Q34 -> 0 | CC34: =IF($K34="GEO-GSO",(AK34*BG34-BJ34)*Proton_Flare_InsLoss,0)*Q34 -> 175898.7 | CD34: =IF($K34="GEO-GSO",$AK34*Proton_Flare_InsLoss,0)*$Q34*$R34*0.2 -> 0 | CH34: Airbus Defence and Space (Stevenage) | CI34: =SUMIFS($AK:$AK,$K:$K,"GEO-GSO",$N:$N,$CH34,$Q:$Q,1) -> 0 | CJ34: =SUMIFS($AK:$AK,$K:$K,"GEO-GSO",$N:$N,$CH34,$Q:$Q,1,$AL:$AL,CJ$19) -> 0 | CK34: =SUMIFS($AK:$AK,$K:$K,"GEO-GSO",$N:$N,$CH34,$Q:$Q,1,$AL:$AL,CK$19) -> 0 | CL34: =SUMIFS($AK:$AK,$K:$K,"GEO-GSO",$N:$N,$CH34,$Q:$Q,1,$AL:$AL,"FIBL") -> 0 | CM34: =SUMIFS($BK:$BK,$K:$K,"GEO-GSO",$N:$N,CH34,$Q:$Q,1) -> 0 | CN34: =SUMIFS($AK:$AK,$K:$K,"GEO-GSO",$N:$N,$CH34,$Q:$Q,1,$R:$R,1)*0.2 -> 0 | CR34: =IF(OR($K34="GEO-GSO",$K34="MEO"),$AK34*Generic_Defect_Loss,0)*$Q34*$P34 -> 413879.29 | CS34: =IF(AND(OR($K34="GEO-GSO",$K34="MEO"),$AL34=CS$19),$AK34*Generic_Defect_Loss,0)*$Q34*$P34 -> 0 | CT34: =IF(AND(OR($K34="GEO-GSO",$K34="MEO"),$AL34=CT$19),$AK34*Generic_Defect_Loss,0)*$Q34*$P34 -> 413879.29 | CU34: =IF(AND(OR($K34="GEO-GSO",$K34="MEO"),$AL34="FIBL"),$AK34*Generic_Defect_Loss,0)*$Q34*$P34 -> 0 | CV34: =IF(OR($K34="GEO-GSO",$K34="MEO"),($AK34*BG34-BJ34)*Generic_Defect_Loss,0)*$Q34*$P34 -> 351797.4 | CW34: =IF(OR($K34="GEO-GSO",$K34="MEO"),$AK34*Generic_Defect_Loss,0)*$Q34*$P34*$R34*0.2 -> 0 | CY34: =IF(OR($K34="GEO-GSO",$K34="MEO"),$AK34*Space_Debris_Loss,0)*$Q34*$AE34 -> 206939.64 | CZ34: =IF(AND(OR($K34="GEO-GSO",$K34="MEO"),$AL34=CZ$19),$AK34*Space_Debris_Loss,0)*$Q34*$AE34 -> 0 | DA34: =IF(AND(OR($K34="GEO-GSO",$K34="MEO"),$AL34=DA$19),$AK34*Space_Debris_Loss,0)*$Q34*$AE34 -> 206939.64 | DB34: =IF(AND(OR($K34="GEO-GSO",$K34="MEO"),$AL34="FIBL"),$AK34*Space_Debris_Loss,0)*$Q34*$AE34 -> 0 | DC34: =IF(OR($K34="GEO-GSO",$K34="MEO"),($AK34*BG34-BJ34)*Space_Debris_Loss,0)*$Q34*$AE34 -> 175898.7 | DD34: =IF(OR($K34="GEO-GSO",$K34="MEO"),$AK34*1,0)*$Q34*$AE34*$R34*0.2 -> 0
A35: =B35&"_"&C35 -> 344558_10 | B35: 344558 | C35: 10 | D35: =IFERROR(MATCH(C35,'[4]Custom Earning Pattern Not Popu'!$B$5:$B$428,0),"NA") -> NA | E35: Orbit | F35: 12 | G35: 9203 | H35: 41785 | I35: 45839 | J35: 46203 | K35: GEO-GSO | L35: 45839 | M35: 46203 | N35: Airbus Defence and Space (Toulouse) | O35: Airbus Defence and Space (Toulouse) | P35: =IFERROR(INDEX($P$10:$P$14,MATCH(DATEDIF($AC$15,M35,"M"),$O$10:$O$14,1)),0) -> 0.2 | Q35: 1 | R35: 0 | S35: =E35 -> Orbit | T35: NULL | U35: Eutelsat | V35: FIID | W35: ASO | X35: E3B | Y35: EUROSTAR E3000 | Z35: NULL | AA35: 8995750.8 | AC35: =IF(IF(K35="LEO",ROUNDUP(((M35-$AC$15)/30.5),0)*Q35,0)<0,0,IF(K35="LEO",ROUNDUP(((M35-$AC$15)/30.5),0)*Q35,0)) -> 0 | AD35: {=IF(AC35=0,0,INDEX(Summary!$S$4:$S$7,MATCH(AC35,Summary!$R$4:$R$7)+1))} -> 0 | AE35: =IFERROR(INDEX(Summary!$Y$4:$Y$6,MATCH('Input Data'!K35,Summary!$U$4:$U$6,0)),0) -> 0.05 | AF35: =IF(I35>=DATE(2024,7,1),TRUE,FALSE) -> TRUE | AG35: =IF(AF35,INDEX('IG Equity Share'!$B:$B,MATCH(YEAR(I35),'IG Equity Share'!$A:$A,0)),0) -> 0.075 | AH35: =AJ35*AG35*_xlfn.XLOOKUP(I35,'S3123 Consortium Share'!$A$3:$A$5,'S3123 Consortium Share'!$F$3:$F$5,,-1) -> 281117.21 | AI35: 1 | AJ35: =AA35 -> 8995750.8 | AK35: =AJ35/AI35*Q35 -> 8995750.8 | AL35: =V35 -> FIID | AM35: =YEAR(I35) -> 2025 | AN35: =INDEX('[2]Input Data'!$AH:$AH,MATCH(A35,'[2]Input Data'!$A:$A,0),1)-AH35 -> 0 | AO35: =+IF(AND($I35<=AO$8,$I35>=AO$7),$AK35*AO$11,0) -> 0 | AP35: =+IF(AND($I35<=AP$8,$I35>=AP$7),$AK35*AP$11,0) -> 0 | AQ35: =+IF(AND($I35<=AQ$8,$I35>=AQ$7),$AK35*AQ$11,0) -> 0 | AR35: =+IF(AND($I35<=AR$8,$I35>=AR$7),$AK35*AR$11,0) -> 0 | AS35: =+IF(AND($I35<=AS$8,$I35>=AS$7),$AK35*AS$11,0) -> 0 | AT35: =+IF(AND($I35<=AT$8,$I35>=AT$7),$AK35*AT$11,0) -> 0 | AU35: =+IF(AND($I35<=AU$8,$I35>=AU$7),$AK35*AU$11,0) -> 1799150.2 | AV35: =+IF(AND($I35<=AV$8,$I35>=AV$7),$AK35*AV$11,0) -> 0 | AY35: =SUM(AO35:AX35) -> 1799150.2 | AZ35: =+AO35+AP35 -> 0 | BB35: =+AK35-AY35 -> 7196600.6 | BC35: =SUM(AO35) -> 0 | BD35: =AND(AF35,NOT(ISNUMBER(MATCH(G35,Table1[Excluded Spacecraft ID],0)))) -> TRUE | BE35: =BD35*AK35*_xlfn.XLOOKUP(I35,Table2[Date From],Table2[Cession],"Error",-1)*_xlfn.XLOOKUP(I35,'S3123 Consortium Share'!$A$3:$A$5,'S3123 Consortium Share'!$F$3:$F$5,,-1) -> 749645.9 | BF35: =+BB35-BC35 -> 7196600.6 | BG35: {=IF(V35="FIBL",0,INDEX('IGR QS'!$A$1:$D$570,MATCH('Input Data'!V35&'Input Data'!W35&'Input Data'!AM35,'IGR QS'!A:A&'IGR QS'!B:B&'IGR QS'!C:C,0),4))} -> 0.85 | BH35: =+BF35*BG35 -> 6117110.5 | BI35: =+BF35-BH35 -> 1079490.1 | BJ35: =IF(AND(V35=FIID,(BI35>FIID_Deductible)),MIN(BI35-FIID_Deductible,FIID_Limit),IF(AND(V35=FUL,(BI35>FUL_Deductible)),MIN(BI35-FUL_Deductible,FUL_Limit),0)) -> 0 | BK35: =BH35+BJ35 -> 6117110.5 | BL35: =+BI35-BJ35 -> 1079490.1 | BN35: =SUMIFS($BL:$BL,$N:$N,$N35,$Q:$Q,1) -> 66471396 | BO35: =SUMIFS($BL:$BL,$N:$N,$N35,$Q:$Q,1,$AL:$AL,$BO$18) -> 49043092 | BP35: =SUMIFS($BL:$BL,$N:$N,$N35,$V:$V,BP$18) -> 17428305 | BQ35: =SUMIFS($BK:$BK,$N:$N,$N35) -> 1.4780349e+08 | BR35: =SUMIFS($AY:$AY,$N:$N,$N35) -> 53568720 | BT35: =SUMIFS($BF:$BF,$C:$C,$C35) -> 7196600.6 | BU35: =SUMIFS($BL:$BL,$C:$C,$C35) -> 1079490.1 | BV35: =SUMIFS($BK:$BK,$C:$C,$C35) -> 6117110.5 | BW35: =SUMIFS($AY:$AY,$C:$C,$C35) -> 1799150.2 | BY35: =IF($K35="GEO-GSO",$AK35*Proton_Flare_InsLoss,0)*Q35 -> 449787.54 | BZ35: =IF(AND($K35="GEO-GSO",AL35="FUL"),$AK35*Proton_Flare_InsLoss,0)*$Q35 -> 0 | CA35: =IF(AND($K35="GEO-GSO",AL35="FIID"),$AK35*Proton_Flare_InsLoss,0)*$Q35 -> 449787.54 | CB35: =IF(AND($K35="GEO-GSO",AL35="FIBL"),$AK35*Proton_Flare_InsLoss,0)*$Q35 -> 0 | CC35: =IF($K35="GEO-GSO",(AK35*BG35-BJ35)*Proton_Flare_InsLoss,0)*Q35 -> 382319.41 | CD35: =IF($K35="GEO-GSO",$AK35*Proton_Flare_InsLoss,0)*$Q35*$R35*0.2 -> 0 | CH35: Thales Alenia Space France (Toulouse) | CI35: =SUMIFS($AK:$AK,$K:$K,"GEO-GSO",$N:$N,$CH35,$Q:$Q,1) -> 6529238.3 | CJ35: =SUMIFS($AK:$AK,$K:$K,"GEO-GSO",$N:$N,$CH35,$Q:$Q,1,$AL:$AL,CJ$19) -> 6529238.3 | CK35: =SUMIFS($AK:$AK,$K:$K,"GEO-GSO",$N:$N,$CH35,$Q:$Q,1,$AL:$AL,CK$19) -> 0 | CL35: =SUMIFS($AK:$AK,$K:$K,"GEO-GSO",$N:$N,$CH35,$Q:$Q,1,$AL:$AL,"FIBL") -> 0 | CM35: =SUMIFS($BK:$BK,$K:$K,"GEO-GSO",$N:$N,CH35,$Q:$Q,1) -> 2611695.3 | CN35: =SUMIFS($AK:$AK,$K:$K,"GEO-GSO",$N:$N,$CH35,$Q:$Q,1,$R:$R,1)*0.2 -> 0 | CR35: =IF(OR($K35="GEO-GSO",$K35="MEO"),$AK35*Generic_Defect_Loss,0)*$Q35*$P35 -> 899575.08 | CS35: =IF(AND(OR($K35="GEO-GSO",$K35="MEO"),$AL35=CS$19),$AK35*Generic_Defect_Loss,0)*$Q35*$P35 -> 0 | CT35: =IF(AND(OR($K35="GEO-GSO",$K35="MEO"),$AL35=CT$19),$AK35*Generic_Defect_Loss,0)*$Q35*$P35 -> 899575.08 | CU35: =IF(AND(OR($K35="GEO-GSO",$K35="MEO"),$AL35="FIBL"),$AK35*Generic_Defect_Loss,0)*$Q35*$P35 -> 0 | CV35: =IF(OR($K35="GEO-GSO",$K35="MEO"),($AK35*BG35-BJ35)*Generic_Defect_Loss,0)*$Q35*$P35 -> 764638.82 | CW35: =IF(OR($K35="GEO-GSO",$K35="MEO"),$AK35*Generic_Defect_Loss,0)*$Q35*$P35*$R35*0.2 -> 0 | CY35: =IF(OR($K35="GEO-GSO",$K35="MEO"),$AK35*Space_Debris_Loss,0)*$Q35*$AE35 -> 449787.54 | CZ35: =IF(AND(OR($K35="GEO-GSO",$K35="MEO"),$AL35=CZ$19),$AK35*Space_Debris_Loss,0)*$Q35*$AE35 -> 0 | DA35: =IF(AND(OR($K35="GEO-GSO",$K35="MEO"),$AL35=DA$19),$AK35*Space_Debris_Loss,0)*$Q35*$AE35 -> 449787.54 | DB35: =IF(AND(OR($K35="GEO-GSO",$K35="MEO"),$AL35="FIBL"),$AK35*Space_Debris_Loss,0)*$Q35*$AE35 -> 0 | DC35: =IF(OR($K35="GEO-GSO",$K35="MEO"),($AK35*BG35-BJ35)*Space_Debris_Loss,0)*$Q35*$AE35 -> 382319.41 | DD35: =IF(OR($K35="GEO-GSO",$K35="MEO"),$AK35*1,0)*$Q35*$AE35*$R35*0.2 -> 0
A36: =B36&"_"&C36 -> 344558_11 | B36: 344558 | C36: 11 | D36: =IFERROR(MATCH(C36,'[4]Custom Earning Pattern Not Popu'!$B$5:$B$428,0),"NA") -> NA | E36: Orbit | F36: 12 | G36: 9242 | H36: 42398 | I36: 45839 | J36: 46203 | K36: GEO-GSO | L36: 45839 | M36: 46203 | N36: Astrium Satellites SAS (Toulouse) (Part of EADS) | O36: Astrium Satellites SAS (Toulouse) (Part of EADS) | P36: =IFERROR(INDEX($P$10:$P$14,MATCH(DATEDIF($AC$15,M36,"M"),$O$10:$O$14,1)),0) -> 0.2 | Q36: 1 | R36: 0 | S36: =E36 -> Orbit | T36: NULL | U36: Eutelsat | V36: FIID | W36: ASO | X36: E9B | Y36: EUROSTAR E3000 | Z36: NULL | AA36: 6455847.1 | AC36: =IF(IF(K36="LEO",ROUNDUP(((M36-$AC$15)/30.5),0)*Q36,0)<0,0,IF(K36="LEO",ROUNDUP(((M36-$AC$15)/30.5),0)*Q36,0)) -> 0 | AD36: {=IF(AC36=0,0,INDEX(Summary!$S$4:$S$7,MATCH(AC36,Summary!$R$4:$R$7)+1))} -> 0 | AE36: =IFERROR(INDEX(Summary!$Y$4:$Y$6,MATCH('Input Data'!K36,Summary!$U$4:$U$6,0)),0) -> 0.05 | AF36: =IF(I36>=DATE(2024,7,1),TRUE,FALSE) -> TRUE | AG36: =IF(AF36,INDEX('IG Equity Share'!$B:$B,MATCH(YEAR(I36),'IG Equity Share'!$A:$A,0)),0) -> 0.075 | AH36: =AJ36*AG36*_xlfn.XLOOKUP(I36,'S3123 Consortium Share'!$A$3:$A$5,'S3123 Consortium Share'!$F$3:$F$5,,-1) -> 201745.22 | AI36: 1 | AJ36: =AA36 -> 6455847.1 | AK36: =AJ36/AI36*Q36 -> 6455847.1 | AL36: =V36 -> FIID | AM36: =YEAR(I36) -> 2025 | AO36: =+IF(AND($I36<=AO$8,$I36>=AO$7),$AK36*AO$11,0) -> 0 | AP36: =+IF(AND($I36<=AP$8,$I36>=AP$7),$AK36*AP$11,0) -> 0 | AQ36: =+IF(AND($I36<=AQ$8,$I36>=AQ$7),$AK36*AQ$11,0) -> 0 | AR36: =+IF(AND($I36<=AR$8,$I36>=AR$7),$AK36*AR$11,0) -> 0 | AS36: =+IF(AND($I36<=AS$8,$I36>=AS$7),$AK36*AS$11,0) -> 0 | AT36: =+IF(AND($I36<=AT$8,$I36>=AT$7),$AK36*AT$11,0) -> 0 | AU36: =+IF(AND($I36<=AU$8,$I36>=AU$7),$AK36*AU$11,0) -> 1291169.4 | AV36: =+IF(AND($I36<=AV$8,$I36>=AV$7),$AK36*AV$11,0) -> 0 | AY36: =SUM(AO36:AX36) -> 1291169.4 | AZ36: =+AO36+AP36 -> 0 | BB36: =+AK36-AY36 -> 5164677.7 | BC36: =SUM(AO36) -> 0 | BD36: =AND(AF36,NOT(ISNUMBER(MATCH(G36,Table1[Excluded Spacecraft ID],0)))) -> TRUE | BE36: =BD36*AK36*_xlfn.XLOOKUP(I36,Table2[Date From],Table2[Cession],"Error",-1)*_xlfn.XLOOKUP(I36,'S3123 Consortium Share'!$A$3:$A$5,'S3123 Consortium Share'!$F$3:$F$5,,-1) -> 537987.26 | BF36: =+BB36-BC36 -> 5164677.7 | BG36: {=IF(V36="FIBL",0,INDEX('IGR QS'!$A$1:$D$570,MATCH('Input Data'!V36&'Input Data'!W36&'Input Data'!AM36,'IGR QS'!A:A&'IGR QS'!B:B&'IGR QS'!C:C,0),4))} -> 0.85 | BH36: =+BF36*BG36 -> 4389976 | BI36: =+BF36-BH36 -> 774701.66 | BJ36: =IF(AND(V36=FIID,(BI36>FIID_Deductible)),MIN(BI36-FIID_Deductible,FIID_Limit),IF(AND(V36=FUL,(BI36>FUL_Deductible)),MIN(BI36-FUL_Deductible,FUL_Limit),0)) -> 0 | BK36: =BH36+BJ36 -> 4389976 | BL36: =+BI36-BJ36 -> 774701.66 | BN36: =SUMIFS($BL:$BL,$N:$N,$N36,$Q:$Q,1) -> 17510967 | BO36: =SUMIFS($BL:$BL,$N:$N,$N36,$Q:$Q,1,$AL:$AL,$BO$18) -> 14332947 | BP36: =SUMIFS($BL:$BL,$N:$N,$N36,$V:$V,BP$18) -> 3178019.9 | BQ36: =SUMIFS($BK:$BK,$N:$N,$N36) -> 32341726 | BR36: =SUMIFS($AY:$AY,$N:$N,$N36) -> 12463173 | BT36: =SUMIFS($BF:$BF,$C:$C,$C36) -> 5164677.7 | BU36: =SUMIFS($BL:$BL,$C:$C,$C36) -> 774701.66 | BV36: =SUMIFS($BK:$BK,$C:$C,$C36) -> 4389976 | BW36: =SUMIFS($AY:$AY,$C:$C,$C36) -> 1291169.4 | BY36: =IF($K36="GEO-GSO",$AK36*Proton_Flare_InsLoss,0)*Q36 -> 322792.36 | BZ36: =IF(AND($K36="GEO-GSO",AL36="FUL"),$AK36*Proton_Flare_InsLoss,0)*$Q36 -> 0 | CA36: =IF(AND($K36="GEO-GSO",AL36="FIID"),$AK36*Proton_Flare_InsLoss,0)*$Q36 -> 322792.36 | CB36: =IF(AND($K36="GEO-GSO",AL36="FIBL"),$AK36*Proton_Flare_InsLoss,0)*$Q36 -> 0 | CC36: =IF($K36="GEO-GSO",(AK36*BG36-BJ36)*Proton_Flare_InsLoss,0)*Q36 -> 274373.5 | CD36: =IF($K36="GEO-GSO",$AK36*Proton_Flare_InsLoss,0)*$Q36*$R36*0.2 -> 0 | CH36: NGIS (Northrop Grumman Innovation Systems) | CI36: =SUMIFS($AK:$AK,$K:$K,"GEO-GSO",$N:$N,$CH36,$Q:$Q,1) -> 3092820.6 | CJ36: =SUMIFS($AK:$AK,$K:$K,"GEO-GSO",$N:$N,$CH36,$Q:$Q,1,$AL:$AL,CJ$19) -> 0 | CK36: =SUMIFS($AK:$AK,$K:$K,"GEO-GSO",$N:$N,$CH36,$Q:$Q,1,$AL:$AL,CK$19) -> 3092820.6 | CL36: =SUMIFS($AK:$AK,$K:$K,"GEO-GSO",$N:$N,$CH36,$Q:$Q,1,$AL:$AL,"FIBL") -> 0 | CM36: =SUMIFS($BK:$BK,$K:$K,"GEO-GSO",$N:$N,CH36,$Q:$Q,1) -> 2103118 | CN36: =SUMIFS($AK:$AK,$K:$K,"GEO-GSO",$N:$N,$CH36,$Q:$Q,1,$R:$R,1)*0.2 -> 0 | CR36: =IF(OR($K36="GEO-GSO",$K36="MEO"),$AK36*Generic_Defect_Loss,0)*$Q36*$P36 -> 645584.71 | CS36: =IF(AND(OR($K36="GEO-GSO",$K36="MEO"),$AL36=CS$19),$AK36*Generic_Defect_Loss,0)*$Q36*$P36 -> 0 | CT36: =IF(AND(OR($K36="GEO-GSO",$K36="MEO"),$AL36=CT$19),$AK36*Generic_Defect_Loss,0)*$Q36*$P36 -> 645584.71 | CU36: =IF(AND(OR($K36="GEO-GSO",$K36="MEO"),$AL36="FIBL"),$AK36*Generic_Defect_Loss,0)*$Q36*$P36 -> 0 | CV36: =IF(OR($K36="GEO-GSO",$K36="MEO"),($AK36*BG36-BJ36)*Generic_Defect_Loss,0)*$Q36*$P36 -> 548747.01 | CW36: =IF(OR($K36="GEO-GSO",$K36="MEO"),$AK36*Generic_Defect_Loss,0)*$Q36*$P36*$R36*0.2 -> 0 | CY36: =IF(OR($K36="GEO-GSO",$K36="MEO"),$AK36*Space_Debris_Loss,0)*$Q36*$AE36 -> 322792.36 | CZ36: =IF(AND(OR($K36="GEO-GSO",$K36="MEO"),$AL36=CZ$19),$AK36*Space_Debris_Loss,0)*$Q36*$AE36 -> 0 | DA36: =IF(AND(OR($K36="GEO-GSO",$K36="MEO"),$AL36=DA$19),$AK36*Space_Debris_Loss,0)*$Q36*$AE36 -> 322792.36 | DB36: =IF(AND(OR($K36="GEO-GSO",$K36="MEO"),$AL36="FIBL"),$AK36*Space_Debris_Loss,0)*$Q36*$AE36 -> 0 | DC36: =IF(OR($K36="GEO-GSO",$K36="MEO"),($AK36*BG36-BJ36)*Space_Debris_Loss,0)*$Q36*$AE36 -> 274373.5 | DD36: =IF(OR($K36="GEO-GSO",$K36="MEO"),$AK36*1,0)*$Q36*$AE36*$R36*0.2 -> 0
A37: =B37&"_"&C37 -> 344558_12 | B37: 344558 | C37: 12 | D37: =IFERROR(MATCH(C37,'[4]Custom Earning Pattern Not Popu'!$B$5:$B$428,0),"NA") -> NA | E37: Orbit | F37: 12 | G37: 9344 | H37: 45073 | I37: 45839 | J37: 46203 | K37: GEO-GSO | L37: 45839 | M37: 46203 | N37: Boeing Satellite Systems Inc. | O37: Boeing Satellite Systems Inc. | P37: =IFERROR(INDEX($P$10:$P$14,MATCH(DATEDIF($AC$15,M37,"M"),$O$10:$O$14,1)),0) -> 0.2 | Q37: 1 | R37: 0 | S37: =E37 -> Orbit | T37: NULL | U37: Eutelsat | V37: FIID | W37: ASO | X37: E117WB (S9) | Y37: BSS-702SP | Z37: NULL | AA37: 4388314.4 | AC37: =IF(IF(K37="LEO",ROUNDUP(((M37-$AC$15)/30.5),0)*Q37,0)<0,0,IF(K37="LEO",ROUNDUP(((M37-$AC$15)/30.5),0)*Q37,0)) -> 0 | AD37: {=IF(AC37=0,0,INDEX(Summary!$S$4:$S$7,MATCH(AC37,Summary!$R$4:$R$7)+1))} -> 0 | AE37: =IFERROR(INDEX(Summary!$Y$4:$Y$6,MATCH('Input Data'!K37,Summary!$U$4:$U$6,0)),0) -> 0.05 | AF37: =IF(I37>=DATE(2024,7,1),TRUE,FALSE) -> TRUE | AG37: =IF(AF37,INDEX('IG Equity Share'!$B:$B,MATCH(YEAR(I37),'IG Equity Share'!$A:$A,0)),0) -> 0.075 | AH37: =AJ37*AG37*_xlfn.XLOOKUP(I37,'S3123 Consortium Share'!$A$3:$A$5,'S3123 Consortium Share'!$F$3:$F$5,,-1) -> 137134.83 | AI37: 1 | AJ37: =AA37 -> 4388314.4 | AK37: =AJ37/AI37*Q37 -> 4388314.4 | AL37: =V37 -> FIID | AM37: =YEAR(I37) -> 2025 | AN37: =INDEX('[2]Input Data'!$AH:$AH,MATCH(A37,'[2]Input Data'!$A:$A,0),1)-AH37 -> 0 | AO37: =+IF(AND($I37<=AO$8,$I37>=AO$7),$AK37*AO$11,0) -> 0 | AP37: =+IF(AND($I37<=AP$8,$I37>=AP$7),$AK37*AP$11,0) -> 0 | AQ37: =+IF(AND($I37<=AQ$8,$I37>=AQ$7),$AK37*AQ$11,0) -> 0 | AR37: =+IF(AND($I37<=AR$8,$I37>=AR$7),$AK37*AR$11,0) -> 0 | AS37: =+IF(AND($I37<=AS$8,$I37>=AS$7),$AK37*AS$11,0) -> 0 | AT37: =+IF(AND($I37<=AT$8,$I37>=AT$7),$AK37*AT$11,0) -> 0 | AU37: =+IF(AND($I37<=AU$8,$I37>=AU$7),$AK37*AU$11,0) -> 877662.89 | AV37: =+IF(AND($I37<=AV$8,$I37>=AV$7),$AK37*AV$11,0) -> 0 | AY37: =SUM(AO37:AX37) -> 877662.89 | AZ37: =+AO37+AP37 -> 0 | BB37: =+AK37-AY37 -> 3510651.6 | BC37: =SUM(AO37) -> 0 | BD37: =AND(AF37,NOT(ISNUMBER(MATCH(G37,Table1[Excluded Spacecraft ID],0)))) -> TRUE | BE37: =BD37*AK37*_xlfn.XLOOKUP(I37,Table2[Date From],Table2[Cession],"Error",-1)*_xlfn.XLOOKUP(I37,'S3123 Consortium Share'!$A$3:$A$5,'S3123 Consortium Share'!$F$3:$F$5,,-1) -> 365692.87 | BF37: =+BB37-BC37 -> 3510651.6 | BG37: {=IF(V37="FIBL",0,INDEX('IGR QS'!$A$1:$D$570,MATCH('Input Data'!V37&'Input Data'!W37&'Input Data'!AM37,'IGR QS'!A:A&'IGR QS'!B:B&'IGR QS'!C:C,0),4))} -> 0.85 | BH37: =+BF37*BG37 -> 2984053.8 | BI37: =+BF37-BH37 -> 526597.73 | BJ37: =IF(AND(V37=FIID,(BI37>FIID_Deductible)),MIN(BI37-FIID_Deductible,FIID_Limit),IF(AND(V37=FUL,(BI37>FUL_Deductible)),MIN(BI37-FUL_Deductible,FUL_Limit),0)) -> 0 | BK37: =BH37+BJ37 -> 2984053.8 | BL37: =+BI37-BJ37 -> 526597.73 | BN37: =SUMIFS($BL:$BL,$N:$N,$N37,$Q:$Q,1) -> 45548263 | BO37: =SUMIFS($BL:$BL,$N:$N,$N37,$Q:$Q,1,$AL:$AL,$BO$18) -> 44546987 | BP37: =SUMIFS($BL:$BL,$N:$N,$N37,$V:$V,BP$18) -> 1001276.2 | BQ37: =SUMIFS($BK:$BK,$N:$N,$N37) -> 44620885 | BR37: =SUMIFS($AY:$AY,$N:$N,$N37) -> 22542287 | BT37: =SUMIFS($BF:$BF,$C:$C,$C37) -> 3510651.6 | BU37: =SUMIFS($BL:$BL,$C:$C,$C37) -> 526597.73 | BV37: =SUMIFS($BK:$BK,$C:$C,$C37) -> 2984053.8 | BW37: =SUMIFS($AY:$AY,$C:$C,$C37) -> 877662.89 | BY37: =IF($K37="GEO-GSO",$AK37*Proton_Flare_InsLoss,0)*Q37 -> 219415.72 | BZ37: =IF(AND($K37="GEO-GSO",AL37="FUL"),$AK37*Proton_Flare_InsLoss,0)*$Q37 -> 0 | CA37: =IF(AND($K37="GEO-GSO",AL37="FIID"),$AK37*Proton_Flare_InsLoss,0)*$Q37 -> 219415.72 | CB37: =IF(AND($K37="GEO-GSO",AL37="FIBL"),$AK37*Proton_Flare_InsLoss,0)*$Q37 -> 0 | CC37: =IF($K37="GEO-GSO",(AK37*BG37-BJ37)*Proton_Flare_InsLoss,0)*Q37 -> 186503.36 | CD37: =IF($K37="GEO-GSO",$AK37*Proton_Flare_InsLoss,0)*$Q37*$R37*0.2 -> 0 | CH37: NULL | CI37: =SUMIFS($AK:$AK,$K:$K,"GEO-GSO",$N:$N,$CH37,$Q:$Q,1) -> 0 | CJ37: =SUMIFS($AK:$AK,$K:$K,"GEO-GSO",$N:$N,$CH37,$Q:$Q,1,$AL:$AL,CJ$19) -> 0 | CK37: =SUMIFS($AK:$AK,$K:$K,"GEO-GSO",$N:$N,$CH37,$Q:$Q,1,$AL:$AL,CK$19) -> 0 | CL37: =SUMIFS($AK:$AK,$K:$K,"GEO-GSO",$N:$N,$CH37,$Q:$Q,1,$AL:$AL,"FIBL") -> 0 | CM37: =SUMIFS($BK:$BK,$K:$K,"GEO-GSO",$N:$N,CH37,$Q:$Q,1) -> 0 | CN37: =SUMIFS($AK:$AK,$K:$K,"GEO-GSO",$N:$N,$CH37,$Q:$Q,1,$R:$R,1)*0.2 -> 0 | CR37: =IF(OR($K37="GEO-GSO",$K37="MEO"),$AK37*Generic_Defect_Loss,0)*$Q37*$P37 -> 438831.44 | CS37: =IF(AND(OR($K37="GEO-GSO",$K37="MEO"),$AL37=CS$19),$AK37*Generic_Defect_Loss,0)*$Q37*$P37 -> 0 | CT37: =IF(AND(OR($K37="GEO-GSO",$K37="MEO"),$AL37=CT$19),$AK37*Generic_Defect_Loss,0)*$Q37*$P37 -> 438831.44 | CU37: =IF(AND(OR($K37="GEO-GSO",$K37="MEO"),$AL37="FIBL"),$AK37*Generic_Defect_Loss,0)*$Q37*$P37 -> 0 | CV37: =IF(OR($K37="GEO-GSO",$K37="MEO"),($AK37*BG37-BJ37)*Generic_Defect_Loss,0)*$Q37*$P37 -> 373006.73 | CW37: =IF(OR($K37="GEO-GSO",$K37="MEO"),$AK37*Generic_Defect_Loss,0)*$Q37*$P37*$R37*0.2 -> 0 | CY37: =IF(OR($K37="GEO-GSO",$K37="MEO"),$AK37*Space_Debris_Loss,0)*$Q37*$AE37 -> 219415.72 | CZ37: =IF(AND(OR($K37="GEO-GSO",$K37="MEO"),$AL37=CZ$19),$AK37*Space_Debris_Loss,0)*$Q37*$AE37 -> 0 | DA37: =IF(AND(OR($K37="GEO-GSO",$K37="MEO"),$AL37=DA$19),$AK37*Space_Debris_Loss,0)*$Q37*$AE37 -> 219415.72 | DB37: =IF(AND(OR($K37="GEO-GSO",$K37="MEO"),$AL37="FIBL"),$AK37*Space_Debris_Loss,0)*$Q37*$AE37 -> 0 | DC37: =IF(OR($K37="GEO-GSO",$K37="MEO"),($AK37*BG37-BJ37)*Space_Debris_Loss,0)*$Q37*$AE37 -> 186503.36 | DD37: =IF(OR($K37="GEO-GSO",$K37="MEO"),$AK37*1,0)*$Q37*$AE37*$R37*0.2 -> 0
A38: =B38&"_"&C38 -> 344558_13 | B38: 344558 | C38: 13 | D38: =IFERROR(MATCH(C38,'[4]Custom Earning Pattern Not Popu'!$B$5:$B$428,0),"NA") -> NA | E38: Orbit | F38: 12 | G38: 9501 | H38: 43566 | I38: 45839 | J38: 46203 | K38: GEO-GSO | L38: 45839 | M38: 46203 | N38: Thales Alenia Space France (Cannes) | O38: Thales Alenia Space France (Cannes) | P38: =IFERROR(INDEX($P$10:$P$14,MATCH(DATEDIF($AC$15,M38,"M"),$O$10:$O$14,1)),0) -> 0.2 | Q38: 1 | R38: 0 | S38: =E38 -> Orbit | T38: NULL | U38: Eutelsat | V38: FIID | W38: ASO | X38: E8WB | Y38: SPACEBUS 4000 | Z38: NULL | AA38: 18484935 | AC38: =IF(IF(K38="LEO",ROUNDUP(((M38-$AC$15)/30.5),0)*Q38,0)<0,0,IF(K38="LEO",ROUNDUP(((M38-$AC$15)/30.5),0)*Q38,0)) -> 0 | AD38: {=IF(AC38=0,0,INDEX(Summary!$S$4:$S$7,MATCH(AC38,Summary!$R$4:$R$7)+1))} -> 0 | AE38: =IFERROR(INDEX(Summary!$Y$4:$Y$6,MATCH('Input Data'!K38,Summary!$U$4:$U$6,0)),0) -> 0.05 | AF38: =IF(I38>=DATE(2024,7,1),TRUE,FALSE) -> TRUE | AG38: =IF(AF38,INDEX('IG Equity Share'!$B:$B,MATCH(YEAR(I38),'IG Equity Share'!$A:$A,0)),0) -> 0.075 | AH38: =AJ38*AG38*_xlfn.XLOOKUP(I38,'S3123 Consortium Share'!$A$3:$A$5,'S3123 Consortium Share'!$F$3:$F$5,,-1) -> 577654.2 | AI38: 1 | AJ38: =AA38 -> 18484935 | AK38: =AJ38/AI38*Q38 -> 18484935 | AL38: =V38 -> FIID | AM38: =YEAR(I38) -> 2025 | AO38: =+IF(AND($I38<=AO$8,$I38>=AO$7),$AK38*AO$11,0) -> 0 | AP38: =+IF(AND($I38<=AP$8,$I38>=AP$7),$AK38*AP$11,0) -> 0 | AQ38: =+IF(AND($I38<=AQ$8,$I38>=AQ$7),$AK38*AQ$11,0) -> 0 | AR38: =+IF(AND($I38<=AR$8,$I38>=AR$7),$AK38*AR$11,0) -> 0 | AS38: =+IF(AND($I38<=AS$8,$I38>=AS$7),$AK38*AS$11,0) -> 0 | AT38: =+IF(AND($I38<=AT$8,$I38>=AT$7),$AK38*AT$11,0) -> 0 | AU38: =+IF(AND($I38<=AU$8,$I38>=AU$7),$AK38*AU$11,0) -> 3696986.9 | AV38: =+IF(AND($I38<=AV$8,$I38>=AV$7),$AK38*AV$11,0) -> 0 | AY38: =SUM(AO38:AX38) -> 3696986.9 | AZ38: =+AO38+AP38 -> 0 | BB38: =+AK38-AY38 -> 14787948 | BC38: =SUM(AO38) -> 0 | BD38: =AND(AF38,NOT(ISNUMBER(MATCH(G38,Table1[Excluded Spacecraft ID],0)))) -> TRUE | BE38: =BD38*AK38*_xlfn.XLOOKUP(I38,Table2[Date From],Table2[Cession],"Error",-1)*_xlfn.XLOOKUP(I38,'S3123 Consortium Share'!$A$3:$A$5,'S3123 Consortium Share'!$F$3:$F$5,,-1) -> 1540411.2 | BF38: =+BB38-BC38 -> 14787948 | BG38: {=IF(V38="FIBL",0,INDEX('IGR QS'!$A$1:$D$570,MATCH('Input Data'!V38&'Input Data'!W38&'Input Data'!AM38,'IGR QS'!A:A&'IGR QS'!B:B&'IGR QS'!C:C,0),4))} -> 0.85 | BH38: =+BF38*BG38 -> 12569756 | BI38: =+BF38-BH38 -> 2218192.1 | BJ38: =IF(AND(V38=FIID,(BI38>FIID_Deductible)),MIN(BI38-FIID_Deductible,FIID_Limit),IF(AND(V38=FUL,(BI38>FUL_Deductible)),MIN(BI38-FUL_Deductible,FUL_Limit),0)) -> 0 | BK38: =BH38+BJ38 -> 12569756 | BL38: =+BI38-BJ38 -> 2218192.1 | BN38: =SUMIFS($BL:$BL,$N:$N,$N38,$Q:$Q,1) -> 33962303 | BO38: =SUMIFS($BL:$BL,$N:$N,$N38,$Q:$Q,1,$AL:$AL,$BO$18) -> 20011429 | BP38: =SUMIFS($BL:$BL,$N:$N,$N38,$V:$V,BP$18) -> 13950874 | BQ38: =SUMIFS($BK:$BK,$N:$N,$N38) -> 99066383 | BR38: =SUMIFS($AY:$AY,$N:$N,$N38) -> 33257171 | BT38: =SUMIFS($BF:$BF,$C:$C,$C38) -> 14787948 | BU38: =SUMIFS($BL:$BL,$C:$C,$C38) -> 2218192.1 | BV38: =SUMIFS($BK:$BK,$C:$C,$C38) -> 12569756 | BW38: =SUMIFS($AY:$AY,$C:$C,$C38) -> 3696986.9 | BY38: =IF($K38="GEO-GSO",$AK38*Proton_Flare_InsLoss,0)*Q38 -> 924246.73 | BZ38: =IF(AND($K38="GEO-GSO",AL38="FUL"),$AK38*Proton_Flare_InsLoss,0)*$Q38 -> 0 | CA38: =IF(AND($K38="GEO-GSO",AL38="FIID"),$AK38*Proton_Flare_InsLoss,0)*$Q38 -> 924246.73 | CB38: =IF(AND($K38="GEO-GSO",AL38="FIBL"),$AK38*Proton_Flare_InsLoss,0)*$Q38 -> 0 | CC38: =IF($K38="GEO-GSO",(AK38*BG38-BJ38)*Proton_Flare_InsLoss,0)*Q38 -> 785609.72 | CD38: =IF($K38="GEO-GSO",$AK38*Proton_Flare_InsLoss,0)*$Q38*$R38*0.2 -> 0 | CH38: OHB-SYSTEM AG (HQ) | CI38: =SUMIFS($AK:$AK,$K:$K,"GEO-GSO",$N:$N,$CH38,$Q:$Q,1) -> 5257732.6 | CJ38: =SUMIFS($AK:$AK,$K:$K,"GEO-GSO",$N:$N,$CH38,$Q:$Q,1,$AL:$AL,CJ$19) -> 5257732.6 | CK38: =SUMIFS($AK:$AK,$K:$K,"GEO-GSO",$N:$N,$CH38,$Q:$Q,1,$AL:$AL,CK$19) -> 0 | CL38: =SUMIFS($AK:$AK,$K:$K,"GEO-GSO",$N:$N,$CH38,$Q:$Q,1,$AL:$AL,"FIBL") -> 0 | CM38: =SUMIFS($BK:$BK,$K:$K,"GEO-GSO",$N:$N,CH38,$Q:$Q,1) -> 2103093 | CN38: =SUMIFS($AK:$AK,$K:$K,"GEO-GSO",$N:$N,$CH38,$Q:$Q,1,$R:$R,1)*0.2 -> 0 | CR38: =IF(OR($K38="GEO-GSO",$K38="MEO"),$AK38*Generic_Defect_Loss,0)*$Q38*$P38 -> 1848493.5 | CS38: =IF(AND(OR($K38="GEO-GSO",$K38="MEO"),$AL38=CS$19),$AK38*Generic_Defect_Loss,0)*$Q38*$P38 -> 0 | CT38: =IF(AND(OR($K38="GEO-GSO",$K38="MEO"),$AL38=CT$19),$AK38*Generic_Defect_Loss,0)*$Q38*$P38 -> 1848493.5 | CU38: =IF(AND(OR($K38="GEO-GSO",$K38="MEO"),$AL38="FIBL"),$AK38*Generic_Defect_Loss,0)*$Q38*$P38 -> 0 | CV38: =IF(OR($K38="GEO-GSO",$K38="MEO"),($AK38*BG38-BJ38)*Generic_Defect_Loss,0)*$Q38*$P38 -> 1571219.4 | CW38: =IF(OR($K38="GEO-GSO",$K38="MEO"),$AK38*Generic_Defect_Loss,0)*$Q38*$P38*$R38*0.2 -> 0 | CY38: =IF(OR($K38="GEO-GSO",$K38="MEO"),$AK38*Space_Debris_Loss,0)*$Q38*$AE38 -> 924246.73 | CZ38: =IF(AND(OR($K38="GEO-GSO",$K38="MEO"),$AL38=CZ$19),$AK38*Space_Debris_Loss,0)*$Q38*$AE38 -> 0 | DA38: =IF(AND(OR($K38="GEO-GSO",$K38="MEO"),$AL38=DA$19),$AK38*Space_Debris_Loss,0)*$Q38*$AE38 -> 924246.73 | DB38: =IF(AND(OR($K38="GEO-GSO",$K38="MEO"),$AL38="FIBL"),$AK38*Space_Debris_Loss,0)*$Q38*$AE38 -> 0 | DC38: =IF(OR($K38="GEO-GSO",$K38="MEO"),($AK38*BG38-BJ38)*Space_Debris_Loss,0)*$Q38*$AE38 -> 785609.72 | DD38: =IF(OR($K38="GEO-GSO",$K38="MEO"),$AK38*1,0)*$Q38*$AE38*$R38*0.2 -> 0
A39: =B39&"_"&C39 -> 344558_14 | B39: 344558 | C39: 14 | D39: =IFERROR(MATCH(C39,'[4]Custom Earning Pattern Not Popu'!$B$5:$B$428,0),"NA") -> NA | E39: Orbit | F39: 12 | G39: 9534 | H39: 43566 | I39: 45839 | J39: 46203 | K39: GEO-GSO | L39: 45839 | M39: 46203 | N39: Airbus Defence and Space (Toulouse) | O39: Airbus Defence and Space (Toulouse) | P39: =IFERROR(INDEX($P$10:$P$14,MATCH(DATEDIF($AC$15,M39,"M"),$O$10:$O$14,1)),0) -> 0.2 | Q39: 1 | R39: 0 | S39: =E39 -> Orbit | T39: NULL | U39: Eutelsat | V39: FIID | W39: ASO | X39: E36C | Y39: EUROSTAR E3000 | Z39: NULL | AA39: 11617717 | AC39: =IF(IF(K39="LEO",ROUNDUP(((M39-$AC$15)/30.5),0)*Q39,0)<0,0,IF(K39="LEO",ROUNDUP(((M39-$AC$15)/30.5),0)*Q39,0)) -> 0 | AD39: {=IF(AC39=0,0,INDEX(Summary!$S$4:$S$7,MATCH(AC39,Summary!$R$4:$R$7)+1))} -> 0 | AE39: =IFERROR(INDEX(Summary!$Y$4:$Y$6,MATCH('Input Data'!K39,Summary!$U$4:$U$6,0)),0) -> 0.05 | AF39: =IF(I39>=DATE(2024,7,1),TRUE,FALSE) -> TRUE | AG39: =IF(AF39,INDEX('IG Equity Share'!$B:$B,MATCH(YEAR(I39),'IG Equity Share'!$A:$A,0)),0) -> 0.075 | AH39: =AJ39*AG39*_xlfn.XLOOKUP(I39,'S3123 Consortium Share'!$A$3:$A$5,'S3123 Consortium Share'!$F$3:$F$5,,-1) -> 363053.64 | AI39: 1 | AJ39: =AA39 -> 11617717 | AK39: =AJ39/AI39*Q39 -> 11617717 | AL39: =V39 -> FIID | AM39: =YEAR(I39) -> 2025 | AO39: =+IF(AND($I39<=AO$8,$I39>=AO$7),$AK39*AO$11,0) -> 0 | AP39: =+IF(AND($I39<=AP$8,$I39>=AP$7),$AK39*AP$11,0) -> 0 | AQ39: =+IF(AND($I39<=AQ$8,$I39>=AQ$7),$AK39*AQ$11,0) -> 0 | AR39: =+IF(AND($I39<=AR$8,$I39>=AR$7),$AK39*AR$11,0) -> 0 | AS39: =+IF(AND($I39<=AS$8,$I39>=AS$7),$AK39*AS$11,0) -> 0 | AT39: =+IF(AND($I39<=AT$8,$I39>=AT$7),$AK39*AT$11,0) -> 0 | AU39: =+IF(AND($I39<=AU$8,$I39>=AU$7),$AK39*AU$11,0) -> 2323543.3 | AV39: =+IF(AND($I39<=AV$8,$I39>=AV$7),$AK39*AV$11,0) -> 0 | AY39: =SUM(AO39:AX39) -> 2323543.3 | AZ39: =+AO39+AP39 -> 0 | BB39: =+AK39-AY39 -> 9294173.3 | BC39: =SUM(AO39) -> 0 | BD39: =AND(AF39,NOT(ISNUMBER(MATCH(G39,Table1[Excluded Spacecraft ID],0)))) -> TRUE | BE39: =BD39*AK39*_xlfn.XLOOKUP(I39,Table2[Date From],Table2[Cession],"Error",-1)*_xlfn.XLOOKUP(I39,'S3123 Consortium Share'!$A$3:$A$5,'S3123 Consortium Share'!$F$3:$F$5,,-1) -> 968143.05 | BF39: =+BB39-BC39 -> 9294173.3 | BG39: {=IF(V39="FIBL",0,INDEX('IGR QS'!$A$1:$D$570,MATCH('Input Data'!V39&'Input Data'!W39&'Input Data'!AM39,'IGR QS'!A:A&'IGR QS'!B:B&'IGR QS'!C:C,0),4))} -> 0.85 | BH39: =+BF39*BG39 -> 7900047.3 | BI39: =+BF39-BH39 -> 1394126 | BJ39: =IF(AND(V39=FIID,(BI39>FIID_Deductible)),MIN(BI39-FIID_Deductible,FIID_Limit),IF(AND(V39=FUL,(BI39>FUL_Deductible)),MIN(BI39-FUL_Deductible,FUL_Limit),0)) -> 0 | BK39: =BH39+BJ39 -> 7900047.3 | BL39: =+BI39-BJ39 -> 1394126 | BN39: =SUMIFS($BL:$BL,$N:$N,$N39,$Q:$Q,1) -> 66471396 | BO39: =SUMIFS($BL:$BL,$N:$N,$N39,$Q:$Q,1,$AL:$AL,$BO$18) -> 49043092 | BP39: =SUMIFS($BL:$BL,$N:$N,$N39,$V:$V,BP$18) -> 17428305 | BQ39: =SUMIFS($BK:$BK,$N:$N,$N39) -> 1.4780349e+08 | BR39: =SUMIFS($AY:$AY,$N:$N,$N39) -> 53568720 | BT39: =SUMIFS($BF:$BF,$C:$C,$C39) -> 9294173.3 | BU39: =SUMIFS($BL:$BL,$C:$C,$C39) -> 1394126 | BV39: =SUMIFS($BK:$BK,$C:$C,$C39) -> 7900047.3 | BW39: =SUMIFS($AY:$AY,$C:$C,$C39) -> 2323543.3 | BY39: =IF($K39="GEO-GSO",$AK39*Proton_Flare_InsLoss,0)*Q39 -> 580885.83 | BZ39: =IF(AND($K39="GEO-GSO",AL39="FUL"),$AK39*Proton_Flare_InsLoss,0)*$Q39 -> 0 | CA39: =IF(AND($K39="GEO-GSO",AL39="FIID"),$AK39*Proton_Flare_InsLoss,0)*$Q39 -> 580885.83 | CB39: =IF(AND($K39="GEO-GSO",AL39="FIBL"),$AK39*Proton_Flare_InsLoss,0)*$Q39 -> 0 | CC39: =IF($K39="GEO-GSO",(AK39*BG39-BJ39)*Proton_Flare_InsLoss,0)*Q39 -> 493752.96 | CD39: =IF($K39="GEO-GSO",$AK39*Proton_Flare_InsLoss,0)*$Q39*$R39*0.2 -> 0 | CH39: BALL AEROSPACE AND TECHNOLOGIES CORP (HQ) | CI39: =SUMIFS($AK:$AK,$K:$K,"GEO-GSO",$N:$N,$CH39,$Q:$Q,1) -> 0 | CJ39: =SUMIFS($AK:$AK,$K:$K,"GEO-GSO",$N:$N,$CH39,$Q:$Q,1,$AL:$AL,CJ$19) -> 0 | CK39: =SUMIFS($AK:$AK,$K:$K,"GEO-GSO",$N:$N,$CH39,$Q:$Q,1,$AL:$AL,CK$19) -> 0 | CL39: =SUMIFS($AK:$AK,$K:$K,"GEO-GSO",$N:$N,$CH39,$Q:$Q,1,$AL:$AL,"FIBL") -> 0 | CM39: =SUMIFS($BK:$BK,$K:$K,"GEO-GSO",$N:$N,CH39,$Q:$Q,1) -> 0 | CN39: =SUMIFS($AK:$AK,$K:$K,"GEO-GSO",$N:$N,$CH39,$Q:$Q,1,$R:$R,1)*0.2 -> 0 | CR39: =IF(OR($K39="GEO-GSO",$K39="MEO"),$AK39*Generic_Defect_Loss,0)*$Q39*$P39 -> 1161771.7 | CS39: =IF(AND(OR($K39="GEO-GSO",$K39="MEO"),$AL39=CS$19),$AK39*Generic_Defect_Loss,0)*$Q39*$P39 -> 0 | CT39: =IF(AND(OR($K39="GEO-GSO",$K39="MEO"),$AL39=CT$19),$AK39*Generic_Defect_Loss,0)*$Q39*$P39 -> 1161771.7 | CU39: =IF(AND(OR($K39="GEO-GSO",$K39="MEO"),$AL39="FIBL"),$AK39*Generic_Defect_Loss,0)*$Q39*$P39 -> 0 | CV39: =IF(OR($K39="GEO-GSO",$K39="MEO"),($AK39*BG39-BJ39)*Generic_Defect_Loss,0)*$Q39*$P39 -> 987505.91 | CW39: =IF(OR($K39="GEO-GSO",$K39="MEO"),$AK39*Generic_Defect_Loss,0)*$Q39*$P39*$R39*0.2 -> 0 | CY39: =IF(OR($K39="GEO-GSO",$K39="MEO"),$AK39*Space_Debris_Loss,0)*$Q39*$AE39 -> 580885.83 | CZ39: =IF(AND(OR($K39="GEO-GSO",$K39="MEO"),$AL39=CZ$19),$AK39*Space_Debris_Loss,0)*$Q39*$AE39 -> 0 | DA39: =IF(AND(OR($K39="GEO-GSO",$K39="MEO"),$AL39=DA$19),$AK39*Space_Debris_Loss,0)*$Q39*$AE39 -> 580885.83 | DB39: =IF(AND(OR($K39="GEO-GSO",$K39="MEO"),$AL39="FIBL"),$AK39*Space_Debris_Loss,0)*$Q39*$AE39 -> 0 | DC39: =IF(OR($K39="GEO-GSO",$K39="MEO"),($AK39*BG39-BJ39)*Space_Debris_Loss,0)*$Q39*$AE39 -> 493752.96 | DD39: =IF(OR($K39="GEO-GSO",$K39="MEO"),$AK39*1,0)*$Q39*$AE39*$R39*0.2 -> 0
A40: =B40&"_"&C40 -> 344558_15 | B40: 344558 | C40: 15 | D40: =IFERROR(MATCH(C40,'[4]Custom Earning Pattern Not Popu'!$B$5:$B$428,0),"NA") -> NA | E40: Orbit | F40: 12 | G40: 9710 | H40: 42318 | I40: 45839 | J40: 46203 | K40: GEO-GSO | L40: 45839 | M40: 46203 | N40: SSL (Space Systems/Loral - Part of Maxar) | O40: SSL (Space Systems/Loral - Part of Maxar) | P40: =IFERROR(INDEX($P$10:$P$14,MATCH(DATEDIF($AC$15,M40,"M"),$O$10:$O$14,1)),0) -> 0.2 | Q40: 1 | R40: 0 | S40: =E40 -> Orbit | T40: NULL | U40: Eutelsat | V40: FIID | W40: ASO | X40: E65WA | Y40: MAXAR 1300 | Z40: NULL | AA40: 5533750.4 | AC40: =IF(IF(K40="LEO",ROUNDUP(((M40-$AC$15)/30.5),0)*Q40,0)<0,0,IF(K40="LEO",ROUNDUP(((M40-$AC$15)/30.5),0)*Q40,0)) -> 0 | AD40: {=IF(AC40=0,0,INDEX(Summary!$S$4:$S$7,MATCH(AC40,Summary!$R$4:$R$7)+1))} -> 0 | AE40: =IFERROR(INDEX(Summary!$Y$4:$Y$6,MATCH('Input Data'!K40,Summary!$U$4:$U$6,0)),0) -> 0.05 | AF40: =IF(I40>=DATE(2024,7,1),TRUE,FALSE) -> TRUE | AG40: =IF(AF40,INDEX('IG Equity Share'!$B:$B,MATCH(YEAR(I40),'IG Equity Share'!$A:$A,0)),0) -> 0.075 | AH40: =AJ40*AG40*_xlfn.XLOOKUP(I40,'S3123 Consortium Share'!$A$3:$A$5,'S3123 Consortium Share'!$F$3:$F$5,,-1) -> 172929.7 | AI40: 1 | AJ40: =AA40 -> 5533750.4 | AK40: =AJ40/AI40*Q40 -> 5533750.4 | AL40: =V40 -> FIID | AM40: =YEAR(I40) -> 2025 | AN40: =INDEX('[2]Input Data'!$AH:$AH,MATCH(A40,'[2]Input Data'!$A:$A,0),1)-AH40 -> 0 | AO40: =+IF(AND($I40<=AO$8,$I40>=AO$7),$AK40*AO$11,0) -> 0 | AP40: =+IF(AND($I40<=AP$8,$I40>=AP$7),$AK40*AP$11,0) -> 0 | AQ40: =+IF(AND($I40<=AQ$8,$I40>=AQ$7),$AK40*AQ$11,0) -> 0 | AR40: =+IF(AND($I40<=AR$8,$I40>=AR$7),$AK40*AR$11,0) -> 0 | AS40: =+IF(AND($I40<=AS$8,$I40>=AS$7),$AK40*AS$11,0) -> 0 | AT40: =+IF(AND($I40<=AT$8,$I40>=AT$7),$AK40*AT$11,0) -> 0 | AU40: =+IF(AND($I40<=AU$8,$I40>=AU$7),$AK40*AU$11,0) -> 1106750.1 | AV40: =+IF(AND($I40<=AV$8,$I40>=AV$7),$AK40*AV$11,0) -> 0 | AY40: =SUM(AO40:AX40) -> 1106750.1 | AZ40: =+AO40+AP40 -> 0 | BB40: =+AK40-AY40 -> 4427000.3 | BC40: =SUM(AO40) -> 0 | BD40: =AND(AF40,NOT(ISNUMBER(MATCH(G40,Table1[Excluded Spacecraft ID],0)))) -> TRUE | BE40: =BD40*AK40*_xlfn.XLOOKUP(I40,Table2[Date From],Table2[Cession],"Error",-1)*_xlfn.XLOOKUP(I40,'S3123 Consortium Share'!$A$3:$A$5,'S3123 Consortium Share'!$F$3:$F$5,,-1) -> 461145.86 | BF40: =+BB40-BC40 -> 4427000.3 | BG40: {=IF(V40="FIBL",0,INDEX('IGR QS'!$A$1:$D$570,MATCH('Input Data'!V40&'Input Data'!W40&'Input Data'!AM40,'IGR QS'!A:A&'IGR QS'!B:B&'IGR QS'!C:C,0),4))} -> 0.85 | BH40: =+BF40*BG40 -> 3762950.2 | BI40: =+BF40-BH40 -> 664050.04 | BJ40: =IF(AND(V40=FIID,(BI40>FIID_Deductible)),MIN(BI40-FIID_Deductible,FIID_Limit),IF(AND(V40=FUL,(BI40>FUL_Deductible)),MIN(BI40-FUL_Deductible,FUL_Limit),0)) -> 0 | BK40: =BH40+BJ40 -> 3762950.2 | BL40: =+BI40-BJ40 -> 664050.04 | BN40: =SUMIFS($BL:$BL,$N:$N,$N40,$Q:$Q,1) -> 14120405 | BO40: =SUMIFS($BL:$BL,$N:$N,$N40,$Q:$Q,1,$AL:$AL,$BO$18) -> 12318062 | BP40: =SUMIFS($BL:$BL,$N:$N,$N40,$V:$V,BP$18) -> 1802342.8 | BQ40: =SUMIFS($BK:$BK,$N:$N,$N40) -> 22531337 | BR40: =SUMIFS($AY:$AY,$N:$N,$N40) -> 9162935.5 | BT40: =SUMIFS($BF:$BF,$C:$C,$C40) -> 4427000.3 | BU40: =SUMIFS($BL:$BL,$C:$C,$C40) -> 664050.04 | BV40: =SUMIFS($BK:$BK,$C:$C,$C40) -> 3762950.2 | BW40: =SUMIFS($AY:$AY,$C:$C,$C40) -> 1106750.1 | BY40: =IF($K40="GEO-GSO",$AK40*Proton_Flare_InsLoss,0)*Q40 -> 276687.52 | BZ40: =IF(AND($K40="GEO-GSO",AL40="FUL"),$AK40*Proton_Flare_InsLoss,0)*$Q40 -> 0 | CA40: =IF(AND($K40="GEO-GSO",AL40="FIID"),$AK40*Proton_Flare_InsLoss,0)*$Q40 -> 276687.52 | CB40: =IF(AND($K40="GEO-GSO",AL40="FIBL"),$AK40*Proton_Flare_InsLoss,0)*$Q40 -> 0 | CC40: =IF($K40="GEO-GSO",(AK40*BG40-BJ40)*Proton_Flare_InsLoss,0)*Q40 -> 235184.39 | CD40: =IF($K40="GEO-GSO",$AK40*Proton_Flare_InsLoss,0)*$Q40*$R40*0.2 -> 0 | CH40: Mitsubishi Electric Corp (MELCO) | CI40: =SUMIFS($AK:$AK,$K:$K,"GEO-GSO",$N:$N,$CH40,$Q:$Q,1) -> 20717131 | CJ40: =SUMIFS($AK:$AK,$K:$K,"GEO-GSO",$N:$N,$CH40,$Q:$Q,1,$AL:$AL,CJ$19) -> 20717131 | CK40: =SUMIFS($AK:$AK,$K:$K,"GEO-GSO",$N:$N,$CH40,$Q:$Q,1,$AL:$AL,CK$19) -> 0 | CL40: =SUMIFS($AK:$AK,$K:$K,"GEO-GSO",$N:$N,$CH40,$Q:$Q,1,$AL:$AL,"FIBL") -> 0 | CM40: =SUMIFS($BK:$BK,$K:$K,"GEO-GSO",$N:$N,CH40,$Q:$Q,1) -> 8286852.4 | CN40: =SUMIFS($AK:$AK,$K:$K,"GEO-GSO",$N:$N,$CH40,$Q:$Q,1,$R:$R,1)*0.2 -> 0 | CR40: =IF(OR($K40="GEO-GSO",$K40="MEO"),$AK40*Generic_Defect_Loss,0)*$Q40*$P40 -> 553375.04 | CS40: =IF(AND(OR($K40="GEO-GSO",$K40="MEO"),$AL40=CS$19),$AK40*Generic_Defect_Loss,0)*$Q40*$P40 -> 0 | CT40: =IF(AND(OR($K40="GEO-GSO",$K40="MEO"),$AL40=CT$19),$AK40*Generic_Defect_Loss,0)*$Q40*$P40 -> 553375.04 | CU40: =IF(AND(OR($K40="GEO-GSO",$K40="MEO"),$AL40="FIBL"),$AK40*Generic_Defect_Loss,0)*$Q40*$P40 -> 0 | CV40: =IF(OR($K40="GEO-GSO",$K40="MEO"),($AK40*BG40-BJ40)*Generic_Defect_Loss,0)*$Q40*$P40 -> 470368.78 | CW40: =IF(OR($K40="GEO-GSO",$K40="MEO"),$AK40*Generic_Defect_Loss,0)*$Q40*$P40*$R40*0.2 -> 0 | CY40: =IF(OR($K40="GEO-GSO",$K40="MEO"),$AK40*Space_Debris_Loss,0)*$Q40*$AE40 -> 276687.52 | CZ40: =IF(AND(OR($K40="GEO-GSO",$K40="MEO"),$AL40=CZ$19),$AK40*Space_Debris_Loss,0)*$Q40*$AE40 -> 0 | DA40: =IF(AND(OR($K40="GEO-GSO",$K40="MEO"),$AL40=DA$19),$AK40*Space_Debris_Loss,0)*$Q40*$AE40 -> 276687.52 | DB40: =IF(AND(OR($K40="GEO-GSO",$K40="MEO"),$AL40="FIBL"),$AK40*Space_Debris_Loss,0)*$Q40*$AE40 -> 0 | DC40: =IF(OR($K40="GEO-GSO",$K40="MEO"),($AK40*BG40-BJ40)*Space_Debris_Loss,0)*$Q40*$AE40 -> 235184.39 | DD40: =IF(OR($K40="GEO-GSO",$K40="MEO"),$AK40*1,0)*$Q40*$AE40*$R40*0.2 -> 0
A41: =B41&"_"&C41 -> 344558_16 | B41: 344558 | C41: 16 | D41: =IFERROR(MATCH(C41,'[4]Custom Earning Pattern Not Popu'!$B$5:$B$428,0),"NA") -> NA | E41: Orbit | F41: 12 | G41: 10173 | H41: 40807 | I41: 45839 | J41: 46203 | K41: GEO-GSO | L41: 45839 | M41: 46203 | N41: Airbus Defence and Space (Toulouse) | O41: Airbus Defence and Space (Toulouse) | P41: =IFERROR(INDEX($P$10:$P$14,MATCH(DATEDIF($AC$15,M41,"M"),$O$10:$O$14,1)),0) -> 0.2 | Q41: 1 | R41: 0 | S41: =E41 -> Orbit | T41: NULL | U41: Eutelsat | V41: FIID | W41: ASO | X41: E172B | Y41: EUROSTAR E3000 | Z41: NULL | AA41: 10746231 | AC41: =IF(IF(K41="LEO",ROUNDUP(((M41-$AC$15)/30.5),0)*Q41,0)<0,0,IF(K41="LEO",ROUNDUP(((M41-$AC$15)/30.5),0)*Q41,0)) -> 0 | AD41: {=IF(AC41=0,0,INDEX(Summary!$S$4:$S$7,MATCH(AC41,Summary!$R$4:$R$7)+1))} -> 0 | AE41: =IFERROR(INDEX(Summary!$Y$4:$Y$6,MATCH('Input Data'!K41,Summary!$U$4:$U$6,0)),0) -> 0.05 | AF41: =IF(I41>=DATE(2024,7,1),TRUE,FALSE) -> TRUE | AG41: =IF(AF41,INDEX('IG Equity Share'!$B:$B,MATCH(YEAR(I41),'IG Equity Share'!$A:$A,0)),0) -> 0.075 | AH41: =AJ41*AG41*_xlfn.XLOOKUP(I41,'S3123 Consortium Share'!$A$3:$A$5,'S3123 Consortium Share'!$F$3:$F$5,,-1) -> 335819.72 | AI41: 1 | AJ41: =AA41 -> 10746231 | AK41: =AJ41/AI41*Q41 -> 10746231 | AL41: =V41 -> FIID | AM41: =YEAR(I41) -> 2025 | AN41: =INDEX('[2]Input Data'!$AH:$AH,MATCH(A41,'[2]Input Data'!$A:$A,0),1)-AH41 -> 0 | AO41: =+IF(AND($I41<=AO$8,$I41>=AO$7),$AK41*AO$11,0) -> 0 | AP41: =+IF(AND($I41<=AP$8,$I41>=AP$7),$AK41*AP$11,0) -> 0 | AQ41: =+IF(AND($I41<=AQ$8,$I41>=AQ$7),$AK41*AQ$11,0) -> 0 | AR41: =+IF(AND($I41<=AR$8,$I41>=AR$7),$AK41*AR$11,0) -> 0 | AS41: =+IF(AND($I41<=AS$8,$I41>=AS$7),$AK41*AS$11,0) -> 0 | AT41: =+IF(AND($I41<=AT$8,$I41>=AT$7),$AK41*AT$11,0) -> 0 | AU41: =+IF(AND($I41<=AU$8,$I41>=AU$7),$AK41*AU$11,0) -> 2149246.2 | AV41: =+IF(AND($I41<=AV$8,$I41>=AV$7),$AK41*AV$11,0) -> 0 | AY41: =SUM(AO41:AX41) -> 2149246.2 | AZ41: =+AO41+AP41 -> 0 | BB41: =+AK41-AY41 -> 8596984.8 | BC41: =SUM(AO41) -> 0 | BD41: =AND(AF41,NOT(ISNUMBER(MATCH(G41,Table1[Excluded Spacecraft ID],0)))) -> TRUE | BE41: =BD41*AK41*_xlfn.XLOOKUP(I41,Table2[Date From],Table2[Cession],"Error",-1)*_xlfn.XLOOKUP(I41,'S3123 Consortium Share'!$A$3:$A$5,'S3123 Consortium Share'!$F$3:$F$5,,-1) -> 895519.25 | BF41: =+BB41-BC41 -> 8596984.8 | BG41: {=IF(V41="FIBL",0,INDEX('IGR QS'!$A$1:$D$570,MATCH('Input Data'!V41&'Input Data'!W41&'Input Data'!AM41,'IGR QS'!A:A&'IGR QS'!B:B&'IGR QS'!C:C,0),4))} -> 0.85 | BH41: =+BF41*BG41 -> 7307437.1 | BI41: =+BF41-BH41 -> 1289547.7 | BJ41: =IF(AND(V41=FIID,(BI41>FIID_Deductible)),MIN(BI41-FIID_Deductible,FIID_Limit),IF(AND(V41=FUL,(BI41>FUL_Deductible)),MIN(BI41-FUL_Deductible,FUL_Limit),0)) -> 0 | BK41: =BH41+BJ41 -> 7307437.1 | BL41: =+BI41-BJ41 -> 1289547.7 | BN41: =SUMIFS($BL:$BL,$N:$N,$N41,$Q:$Q,1) -> 66471396 | BO41: =SUMIFS($BL:$BL,$N:$N,$N41,$Q:$Q,1,$AL:$AL,$BO$18) -> 49043092 | BP41: =SUMIFS($BL:$BL,$N:$N,$N41,$V:$V,BP$18) -> 17428305 | BQ41: =SUMIFS($BK:$BK,$N:$N,$N41) -> 1.4780349e+08 | BR41: =SUMIFS($AY:$AY,$N:$N,$N41) -> 53568720 | BT41: =SUMIFS($BF:$BF,$C:$C,$C41) -> 8596984.8 | BU41: =SUMIFS($BL:$BL,$C:$C,$C41) -> 1289547.7 | BV41: =SUMIFS($BK:$BK,$C:$C,$C41) -> 7307437.1 | BW41: =SUMIFS($AY:$AY,$C:$C,$C41) -> 2149246.2 | BY41: =IF($K41="GEO-GSO",$AK41*Proton_Flare_InsLoss,0)*Q41 -> 537311.55 | BZ41: =IF(AND($K41="GEO-GSO",AL41="FUL"),$AK41*Proton_Flare_InsLoss,0)*$Q41 -> 0 | CA41: =IF(AND($K41="GEO-GSO",AL41="FIID"),$AK41*Proton_Flare_InsLoss,0)*$Q41 -> 537311.55 | CB41: =IF(AND($K41="GEO-GSO",AL41="FIBL"),$AK41*Proton_Flare_InsLoss,0)*$Q41 -> 0 | CC41: =IF($K41="GEO-GSO",(AK41*BG41-BJ41)*Proton_Flare_InsLoss,0)*Q41 -> 456714.82 | CD41: =IF($K41="GEO-GSO",$AK41*Proton_Flare_InsLoss,0)*$Q41*$R41*0.2 -> 0 | CH41: KARI - Korea Aerospace Research Institute | CI41: =SUMIFS($AK:$AK,$K:$K,"GEO-GSO",$N:$N,$CH41,$Q:$Q,1) -> 0 | CJ41: =SUMIFS($AK:$AK,$K:$K,"GEO-GSO",$N:$N,$CH41,$Q:$Q,1,$AL:$AL,CJ$19) -> 0 | CK41: =SUMIFS($AK:$AK,$K:$K,"GEO-GSO",$N:$N,$CH41,$Q:$Q,1,$AL:$AL,CK$19) -> 0 | CL41: =SUMIFS($AK:$AK,$K:$K,"GEO-GSO",$N:$N,$CH41,$Q:$Q,1,$AL:$AL,"FIBL") -> 0 | CM41: =SUMIFS($BK:$BK,$K:$K,"GEO-GSO",$N:$N,CH41,$Q:$Q,1) -> 0 | CN41: =SUMIFS($AK:$AK,$K:$K,"GEO-GSO",$N:$N,$CH41,$Q:$Q,1,$R:$R,1)*0.2 -> 0 | CR41: =IF(OR($K41="GEO-GSO",$K41="MEO"),$AK41*Generic_Defect_Loss,0)*$Q41*$P41 -> 1074623.1 | CS41: =IF(AND(OR($K41="GEO-GSO",$K41="MEO"),$AL41=CS$19),$AK41*Generic_Defect_Loss,0)*$Q41*$P41 -> 0 | CT41: =IF(AND(OR($K41="GEO-GSO",$K41="MEO"),$AL41=CT$19),$AK41*Generic_Defect_Loss,0)*$Q41*$P41 -> 1074623.1 | CU41: =IF(AND(OR($K41="GEO-GSO",$K41="MEO"),$AL41="FIBL"),$AK41*Generic_Defect_Loss,0)*$Q41*$P41 -> 0 | CV41: =IF(OR($K41="GEO-GSO",$K41="MEO"),($AK41*BG41-BJ41)*Generic_Defect_Loss,0)*$Q41*$P41 -> 913429.64 | CW41: =IF(OR($K41="GEO-GSO",$K41="MEO"),$AK41*Generic_Defect_Loss,0)*$Q41*$P41*$R41*0.2 -> 0 | CY41: =IF(OR($K41="GEO-GSO",$K41="MEO"),$AK41*Space_Debris_Loss,0)*$Q41*$AE41 -> 537311.55 | CZ41: =IF(AND(OR($K41="GEO-GSO",$K41="MEO"),$AL41=CZ$19),$AK41*Space_Debris_Loss,0)*$Q41*$AE41 -> 0 | DA41: =IF(AND(OR($K41="GEO-GSO",$K41="MEO"),$AL41=DA$19),$AK41*Space_Debris_Loss,0)*$Q41*$AE41 -> 537311.55 | DB41: =IF(AND(OR($K41="GEO-GSO",$K41="MEO"),$AL41="FIBL"),$AK41*Space_Debris_Loss,0)*$Q41*$AE41 -> 0 | DC41: =IF(OR($K41="GEO-GSO",$K41="MEO"),($AK41*BG41-BJ41)*Space_Debris_Loss,0)*$Q41*$AE41 -> 456714.82 | DD41: =IF(OR($K41="GEO-GSO",$K41="MEO"),$AK41*1,0)*$Q41*$AE41*$R41*0.2 -> 0
A42: =B42&"_"&C42 -> 344558_17 | B42: 344558 | C42: 17 | D42: =IFERROR(MATCH(C42,'[4]Custom Earning Pattern Not Popu'!$B$5:$B$428,0),"NA") -> NA | E42: Orbit | F42: 12 | G42: 10281 | H42: 40332 | I42: 45839 | J42: 46203 | K42: GEO-GSO | L42: 45839 | M42: 46203 | N42: SSTL - Surrey Satellite Technology Limited (Part of Airbus DS) | O42: SSTL - Surrey Satellite Technology Limited (Part of Airbus DS) | P42: =IFERROR(INDEX($P$10:$P$14,MATCH(DATEDIF($AC$15,M42,"M"),$O$10:$O$14,1)),0) -> 0.2 | Q42: 1 | R42: 0 | S42: =E42 -> Orbit | T42: NULL | U42: Eutelsat | V42: FIID | W42: ASO | X42: Quantum | Y42: GMP-T | Z42: NULL | AA42: 11189101 | AC42: =IF(IF(K42="LEO",ROUNDUP(((M42-$AC$15)/30.5),0)*Q42,0)<0,0,IF(K42="LEO",ROUNDUP(((M42-$AC$15)/30.5),0)*Q42,0)) -> 0 | AD42: {=IF(AC42=0,0,INDEX(Summary!$S$4:$S$7,MATCH(AC42,Summary!$R$4:$R$7)+1))} -> 0 | AE42: =IFERROR(INDEX(Summary!$Y$4:$Y$6,MATCH('Input Data'!K42,Summary!$U$4:$U$6,0)),0) -> 0.05 | AF42: =IF(I42>=DATE(2024,7,1),TRUE,FALSE) -> TRUE | AG42: =IF(AF42,INDEX('IG Equity Share'!$B:$B,MATCH(YEAR(I42),'IG Equity Share'!$A:$A,0)),0) -> 0.075 | AH42: =AJ42*AG42*_xlfn.XLOOKUP(I42,'S3123 Consortium Share'!$A$3:$A$5,'S3123 Consortium Share'!$F$3:$F$5,,-1) -> 349659.39 | AI42: 1 | AJ42: =AA42 -> 11189101 | AK42: =AJ42/AI42*Q42 -> 11189101 | AL42: =V42 -> FIID | AM42: =YEAR(I42) -> 2025 | AO42: =+IF(AND($I42<=AO$8,$I42>=AO$7),$AK42*AO$11,0) -> 0 | AP42: =+IF(AND($I42<=AP$8,$I42>=AP$7),$AK42*AP$11,0) -> 0 | AQ42: =+IF(AND($I42<=AQ$8,$I42>=AQ$7),$AK42*AQ$11,0) -> 0 | AR42: =+IF(AND($I42<=AR$8,$I42>=AR$7),$AK42*AR$11,0) -> 0 | AS42: =+IF(AND($I42<=AS$8,$I42>=AS$7),$AK42*AS$11,0) -> 0 | AT42: =+IF(AND($I42<=AT$8,$I42>=AT$7),$AK42*AT$11,0) -> 0 | AU42: =+IF(AND($I42<=AU$8,$I42>=AU$7),$AK42*AU$11,0) -> 2237820.1 | AV42: =+IF(AND($I42<=AV$8,$I42>=AV$7),$AK42*AV$11,0) -> 0 | AY42: =SUM(AO42:AX42) -> 2237820.1 | AZ42: =+AO42+AP42 -> 0 | BB42: =+AK42-AY42 -> 8951280.5 | BC42: =SUM(AO42) -> 0 | BD42: =AND(AF42,NOT(ISNUMBER(MATCH(G42,Table1[Excluded Spacecraft ID],0)))) -> TRUE | BE42: =BD42*AK42*_xlfn.XLOOKUP(I42,Table2[Date From],Table2[Cession],"Error",-1)*_xlfn.XLOOKUP(I42,'S3123 Consortium Share'!$A$3:$A$5,'S3123 Consortium Share'!$F$3:$F$5,,-1) -> 932425.05 | BF42: =+BB42-BC42 -> 8951280.5 | BG42: {=IF(V42="FIBL",0,INDEX('IGR QS'!$A$1:$D$570,MATCH('Input Data'!V42&'Input Data'!W42&'Input Data'!AM42,'IGR QS'!A:A&'IGR QS'!B:B&'IGR QS'!C:C,0),4))} -> 0.85 | BH42: =+BF42*BG42 -> 7608588.4 | BI42: =+BF42-BH42 -> 1342692.1 | BJ42: =IF(AND(V42=FIID,(BI42>FIID_Deductible)),MIN(BI42-FIID_Deductible,FIID_Limit),IF(AND(V42=FUL,(BI42>FUL_Deductible)),MIN(BI42-FUL_Deductible,FUL_Limit),0)) -> 0 | BK42: =BH42+BJ42 -> 7608588.4 | BL42: =+BI42-BJ42 -> 1342692.1 | BN42: =SUMIFS($BL:$BL,$N:$N,$N42,$Q:$Q,1) -> 2333534.4 | BO42: =SUMIFS($BL:$BL,$N:$N,$N42,$Q:$Q,1,$AL:$AL,$BO$18) -> 990842.38 | BP42: =SUMIFS($BL:$BL,$N:$N,$N42,$V:$V,BP$18) -> 1342692.1 | BQ42: =SUMIFS($BK:$BK,$N:$N,$N42) -> 8599430.8 | BR42: =SUMIFS($AY:$AY,$N:$N,$N42) -> 2733241.3 | BT42: =SUMIFS($BF:$BF,$C:$C,$C42) -> 8951280.5 | BU42: =SUMIFS($BL:$BL,$C:$C,$C42) -> 1342692.1 | BV42: =SUMIFS($BK:$BK,$C:$C,$C42) -> 7608588.4 | BW42: =SUMIFS($AY:$AY,$C:$C,$C42) -> 2237820.1 | BY42: =IF($K42="GEO-GSO",$AK42*Proton_Flare_InsLoss,0)*Q42 -> 559455.03 | BZ42: =IF(AND($K42="GEO-GSO",AL42="FUL"),$AK42*Proton_Flare_InsLoss,0)*$Q42 -> 0 | CA42: =IF(AND($K42="GEO-GSO",AL42="FIID"),$AK42*Proton_Flare_InsLoss,0)*$Q42 -> 559455.03 | CB42: =IF(AND($K42="GEO-GSO",AL42="FIBL"),$AK42*Proton_Flare_InsLoss,0)*$Q42 -> 0 | CC42: =IF($K42="GEO-GSO",(AK42*BG42-BJ42)*Proton_Flare_InsLoss,0)*Q42 -> 475536.77 | CD42: =IF($K42="GEO-GSO",$AK42*Proton_Flare_InsLoss,0)*$Q42*$R42*0.2 -> 0 | CH42: Orbital Sciences Corporation | CI42: =SUMIFS($AK:$AK,$K:$K,"GEO-GSO",$N:$N,$CH42,$Q:$Q,1) -> 9918729.8 | CJ42: =SUMIFS($AK:$AK,$K:$K,"GEO-GSO",$N:$N,$CH42,$Q:$Q,1,$AL:$AL,CJ$19) -> 7565769.8 | CK42: =SUMIFS($AK:$AK,$K:$K,"GEO-GSO",$N:$N,$CH42,$Q:$Q,1,$AL:$AL,CK$19) -> 2352960 | CL42: =SUMIFS($AK:$AK,$K:$K,"GEO-GSO",$N:$N,$CH42,$Q:$Q,1,$AL:$AL,"FIBL") -> 0 | CM42: =SUMIFS($BK:$BK,$K:$K,"GEO-GSO",$N:$N,CH42,$Q:$Q,1) -> 4626320.7 | CN42: =SUMIFS($AK:$AK,$K:$K,"GEO-GSO",$N:$N,$CH42,$Q:$Q,1,$R:$R,1)*0.2 -> 0 | CR42: =IF(OR($K42="GEO-GSO",$K42="MEO"),$AK42*Generic_Defect_Loss,0)*$Q42*$P42 -> 1118910.1 | CS42: =IF(AND(OR($K42="GEO-GSO",$K42="MEO"),$AL42=CS$19),$AK42*Generic_Defect_Loss,0)*$Q42*$P42 -> 0 | CT42: =IF(AND(OR($K42="GEO-GSO",$K42="MEO"),$AL42=CT$19),$AK42*Generic_Defect_Loss,0)*$Q42*$P42 -> 1118910.1 | CU42: =IF(AND(OR($K42="GEO-GSO",$K42="MEO"),$AL42="FIBL"),$AK42*Generic_Defect_Loss,0)*$Q42*$P42 -> 0 | CV42: =IF(OR($K42="GEO-GSO",$K42="MEO"),($AK42*BG42-BJ42)*Generic_Defect_Loss,0)*$Q42*$P42 -> 951073.55 | CW42: =IF(OR($K42="GEO-GSO",$K42="MEO"),$AK42*Generic_Defect_Loss,0)*$Q42*$P42*$R42*0.2 -> 0 | CY42: =IF(OR($K42="GEO-GSO",$K42="MEO"),$AK42*Space_Debris_Loss,0)*$Q42*$AE42 -> 559455.03 | CZ42: =IF(AND(OR($K42="GEO-GSO",$K42="MEO"),$AL42=CZ$19),$AK42*Space_Debris_Loss,0)*$Q42*$AE42 -> 0 | DA42: =IF(AND(OR($K42="GEO-GSO",$K42="MEO"),$AL42=DA$19),$AK42*Space_Debris_Loss,0)*$Q42*$AE42 -> 559455.03 | DB42: =IF(AND(OR($K42="GEO-GSO",$K42="MEO"),$AL42="FIBL"),$AK42*Space_Debris_Loss,0)*$Q42*$AE42 -> 0 | DC42: =IF(OR($K42="GEO-GSO",$K42="MEO"),($AK42*BG42-BJ42)*Space_Debris_Loss,0)*$Q42*$AE42 -> 475536.77 | DD42: =IF(OR($K42="GEO-GSO",$K42="MEO"),$AK42*1,0)*$Q42*$AE42*$R42*0.2 -> 0
A43: =B43&"_"&C43 -> 334331_1 | B43: 334331 | C43: 1 | D43: =IFERROR(MATCH(C43,'[4]Custom Earning Pattern Not Popu'!$B$5:$B$428,0),"NA") -> NA | E43: Launch and Orbit | F43: 15 | G43: 13879 | H43: 45864 | I43: 45692 | J43: 46387 | K43: LEO | L43: 45864 | M43: 46320 | N43: Airbus Defence and Space (Toulouse) | O43: Airbus Defence and Space (Toulouse) | P43: =IFERROR(INDEX($P$10:$P$14,MATCH(DATEDIF($AC$15,M43,"M"),$O$10:$O$14,1)),0) -> 0.4 | Q43: 1 | R43: 0 | S43: =E43 -> Launch and Orbit | T43: NULL | U43: CO3D L+15 | V43: FIID | W43: ASC | X43: CO3D 1 | Y43: ASTROBUS/ASTROSAT/S-BUS FAMILY (AIRBUS) | Z43: VEGA-C | AA43: 2196138.4 | AC43: =IF(IF(K43="LEO",ROUNDUP(((M43-$AC$15)/30.5),0)*Q43,0)<0,0,IF(K43="LEO",ROUNDUP(((M43-$AC$15)/30.5),0)*Q43,0)) -> 7 | AD43: {=IF(AC43=0,0,INDEX(Summary!$S$4:$S$7,MATCH(AC43,Summary!$R$4:$R$7)+1))} -> 0.6 | AE43: =IFERROR(INDEX(Summary!$Y$4:$Y$6,MATCH('Input Data'!K43,Summary!$U$4:$U$6,0)),0) -> 0.4 | AF43: =IF(I43>=DATE(2024,7,1),TRUE,FALSE) -> TRUE | AG43: =IF(AF43,INDEX('IG Equity Share'!$B:$B,MATCH(YEAR(I43),'IG Equity Share'!$A:$A,0)),0) -> 0.075 | AH43: =AJ43*AG43*_xlfn.XLOOKUP(I43,'S3123 Consortium Share'!$A$3:$A$5,'S3123 Consortium Share'!$F$3:$F$5,,-1) -> 68629.325 | AI43: 1 | AJ43: =AA43 -> 2196138.4 | AK43: =AJ43/AI43*Q43 -> 2196138.4 | AL43: =V43 -> FIID | AM43: =YEAR(I43) -> 2025 | AN43: =INDEX('[2]Input Data'!$AH:$AH,MATCH(A43,'[2]Input Data'!$A:$A,0),1)-AH43 -> 0 | AO43: =+IF(AND($I43<=AO$8,$I43>=AO$7),$AK43*AO$11,0) -> 0 | AP43: =+IF(AND($I43<=AP$8,$I43>=AP$7),$AK43*AP$11,0) -> 0 | AQ43: =+IF(AND($I43<=AQ$8,$I43>=AQ$7),$AK43*AQ$11,0) -> 0 | AR43: =+IF(AND($I43<=AR$8,$I43>=AR$7),$AK43*AR$11,0) -> 0 | AS43: =+IF(AND($I43<=AS$8,$I43>=AS$7),$AK43*AS$11,0) -> 0 | AT43: =+IF(AND($I43<=AT$8,$I43>=AT$7),$AK43*AT$11,0) -> 0 | AU43: =+IF(AND($I43<=AU$8,$I43>=AU$7),$AK43*AU$11,0) -> 439227.68 | AV43: =+IF(AND($I43<=AV$8,$I43>=AV$7),$AK43*AV$11,0) -> 0 | AY43: =SUM(AO43:AX43) -> 439227.68 | AZ43: =+AO43+AP43 -> 0 | BB43: =+AK43-AY43 -> 1756910.7 | BC43: =SUM(AO43) -> 0 | BD43: =AND(AF43,NOT(ISNUMBER(MATCH(G43,Table1[Excluded Spacecraft ID],0)))) -> TRUE | BE43: =BD43*AK43*_xlfn.XLOOKUP(I43,Table2[Date From],Table2[Cession],"Error",-1)*_xlfn.XLOOKUP(I43,'S3123 Consortium Share'!$A$3:$A$5,'S3123 Consortium Share'!$F$3:$F$5,,-1) -> 183011.53 | BF43: =+BB43-BC43 -> 1756910.7 | BG43: {=IF(V43="FIBL",0,INDEX('IGR QS'!$A$1:$D$570,MATCH('Input Data'!V43&'Input Data'!W43&'Input Data'!AM43,'IGR QS'!A:A&'IGR QS'!B:B&'IGR QS'!C:C,0),4))} -> 0.85 | BH43: =+BF43*BG43 -> 1493374.1 | BI43: =+BF43-BH43 -> 263536.61 | BJ43: =IF(AND(V43=FIID,(BI43>FIID_Deductible)),MIN(BI43-FIID_Deductible,FIID_Limit),IF(AND(V43=FUL,(BI43>FUL_Deductible)),MIN(BI43-FUL_Deductible,FUL_Limit),0)) -> 0 | BK43: =BH43+BJ43 -> 1493374.1 | BL43: =+BI43-BJ43 -> 263536.61 | BN43: =SUMIFS($BL:$BL,$N:$N,$N43,$Q:$Q,1) -> 66471396 | BO43: =SUMIFS($BL:$BL,$N:$N,$N43,$Q:$Q,1,$AL:$AL,$BO$18) -> 49043092 | BP43: =SUMIFS($BL:$BL,$N:$N,$N43,$V:$V,BP$18) -> 17428305 | BQ43: =SUMIFS($BK:$BK,$N:$N,$N43) -> 1.4780349e+08 | BR43: =SUMIFS($AY:$AY,$N:$N,$N43) -> 53568720 | BT43: =SUMIFS($BF:$BF,$C:$C,$C43) -> 42889947 | BU43: =SUMIFS($BL:$BL,$C:$C,$C43) -> 15281915 | BV43: =SUMIFS($BK:$BK,$C:$C,$C43) -> 27608031 | BW43: =SUMIFS($AY:$AY,$C:$C,$C43) -> 10722487 | BY43: =IF($K43="GEO-GSO",$AK43*Proton_Flare_InsLoss,0)*Q43 -> 0 | BZ43: =IF(AND($K43="GEO-GSO",AL43="FUL"),$AK43*Proton_Flare_InsLoss,0)*$Q43 -> 0 | CA43: =IF(AND($K43="GEO-GSO",AL43="FIID"),$AK43*Proton_Flare_InsLoss,0)*$Q43 -> 0 | CB43: =IF(AND($K43="GEO-GSO",AL43="FIBL"),$AK43*Proton_Flare_InsLoss,0)*$Q43 -> 0 | CC43: =IF($K43="GEO-GSO",(AK43*BG43-BJ43)*Proton_Flare_InsLoss,0)*Q43 -> 0 | CD43: =IF($K43="GEO-GSO",$AK43*Proton_Flare_InsLoss,0)*$Q43*$R43*0.2 -> 0 | CH43: Airbus Defence and Space/Thales Alenia Space JOINT | CI43: =SUMIFS($AK:$AK,$K:$K,"GEO-GSO",$N:$N,$CH43,$Q:$Q,1) -> 0 | CJ43: =SUMIFS($AK:$AK,$K:$K,"GEO-GSO",$N:$N,$CH43,$Q:$Q,1,$AL:$AL,CJ$19) -> 0 | CK43: =SUMIFS($AK:$AK,$K:$K,"GEO-GSO",$N:$N,$CH43,$Q:$Q,1,$AL:$AL,CK$19) -> 0 | CL43: =SUMIFS($AK:$AK,$K:$K,"GEO-GSO",$N:$N,$CH43,$Q:$Q,1,$AL:$AL,"FIBL") -> 0 | CM43: =SUMIFS($BK:$BK,$K:$K,"GEO-GSO",$N:$N,CH43,$Q:$Q,1) -> 0 | CN43: =SUMIFS($AK:$AK,$K:$K,"GEO-GSO",$N:$N,$CH43,$Q:$Q,1,$R:$R,1)*0.2 -> 0 | CR43: =IF(OR($K43="GEO-GSO",$K43="MEO"),$AK43*Generic_Defect_Loss,0)*$Q43*$P43 -> 0 | CS43: =IF(AND(OR($K43="GEO-GSO",$K43="MEO"),$AL43=CS$19),$AK43*Generic_Defect_Loss,0)*$Q43*$P43 -> 0 | CT43: =IF(AND(OR($K43="GEO-GSO",$K43="MEO"),$AL43=CT$19),$AK43*Generic_Defect_Loss,0)*$Q43*$P43 -> 0 | CU43: =IF(AND(OR($K43="GEO-GSO",$K43="MEO"),$AL43="FIBL"),$AK43*Generic_Defect_Loss,0)*$Q43*$P43 -> 0 | CV43: =IF(OR($K43="GEO-GSO",$K43="MEO"),($AK43*BG43-BJ43)*Generic_Defect_Loss,0)*$Q43*$P43 -> 0 | CW43: =IF(OR($K43="GEO-GSO",$K43="MEO"),$AK43*Generic_Defect_Loss,0)*$Q43*$P43*$R43*0.2 -> 0 | CY43: =IF(OR($K43="GEO-GSO",$K43="MEO"),$AK43*Space_Debris_Loss,0)*$Q43*$AE43 -> 0 | CZ43: =IF(AND(OR($K43="GEO-GSO",$K43="MEO"),$AL43=CZ$19),$AK43*Space_Debris_Loss,0)*$Q43*$AE43 -> 0 | DA43: =IF(AND(OR($K43="GEO-GSO",$K43="MEO"),$AL43=DA$19),$AK43*Space_Debris_Loss,0)*$Q43*$AE43 -> 0 | DB43: =IF(AND(OR($K43="GEO-GSO",$K43="MEO"),$AL43="FIBL"),$AK43*Space_Debris_Loss,0)*$Q43*$AE43 -> 0 | DC43: =IF(OR($K43="GEO-GSO",$K43="MEO"),($AK43*BG43-BJ43)*Space_Debris_Loss,0)*$Q43*$AE43 -> 0 | DD43: =IF(OR($K43="GEO-GSO",$K43="MEO"),$AK43*1,0)*$Q43*$AE43*$R43*0.2 -> 0
A44: =B44&"_"&C44 -> 334331_2 | B44: 334331 | C44: 2 | D44: =IFERROR(MATCH(C44,'[4]Custom Earning Pattern Not Popu'!$B$5:$B$428,0),"NA") -> NA | E44: Launch and Orbit | F44: 15 | G44: 13880 | H44: 45864 | I44: 45692 | J44: 46387 | K44: LEO | L44: 45864 | M44: 46320 | N44: Airbus Defence and Space (Toulouse) | O44: Airbus Defence and Space (Toulouse) | P44: =IFERROR(INDEX($P$10:$P$14,MATCH(DATEDIF($AC$15,M44,"M"),$O$10:$O$14,1)),0) -> 0.4 | Q44: 1 | R44: 0 | S44: =E44 -> Launch and Orbit | T44: NULL | U44: CO3D L+15 | V44: FIID | W44: ASC | X44: CO3D 2 | Y44: ASTROBUS/ASTROSAT/S-BUS FAMILY (AIRBUS) | Z44: VEGA-C | AA44: 2196138.4 | AC44: =IF(IF(K44="LEO",ROUNDUP(((M44-$AC$15)/30.5),0)*Q44,0)<0,0,IF(K44="LEO",ROUNDUP(((M44-$AC$15)/30.5),0)*Q44,0)) -> 7 | AD44: {=IF(AC44=0,0,INDEX(Summary!$S$4:$S$7,MATCH(AC44,Summary!$R$4:$R$7)+1))} -> 0.6 | AE44: =IFERROR(INDEX(Summary!$Y$4:$Y$6,MATCH('Input Data'!K44,Summary!$U$4:$U$6,0)),0) -> 0.4 | AF44: =IF(I44>=DATE(2024,7,1),TRUE,FALSE) -> TRUE | AG44: =IF(AF44,INDEX('IG Equity Share'!$B:$B,MATCH(YEAR(I44),'IG Equity Share'!$A:$A,0)),0) -> 0.075 | AH44: =AJ44*AG44*_xlfn.XLOOKUP(I44,'S3123 Consortium Share'!$A$3:$A$5,'S3123 Consortium Share'!$F$3:$F$5,,-1) -> 68629.325 | AI44: 1 | AJ44: =AA44 -> 2196138.4 | AK44: =AJ44/AI44*Q44 -> 2196138.4 | AL44: =V44 -> FIID | AM44: =YEAR(I44) -> 2025 | AN44: =INDEX('[2]Input Data'!$AH:$AH,MATCH(A44,'[2]Input Data'!$A:$A,0),1)-AH44 -> 0 | AO44: =+IF(AND($I44<=AO$8,$I44>=AO$7),$AK44*AO$11,0) -> 0 | AP44: =+IF(AND($I44<=AP$8,$I44>=AP$7),$AK44*AP$11,0) -> 0 | AQ44: =+IF(AND($I44<=AQ$8,$I44>=AQ$7),$AK44*AQ$11,0) -> 0 | AR44: =+IF(AND($I44<=AR$8,$I44>=AR$7),$AK44*AR$11,0) -> 0 | AS44: =+IF(AND($I44<=AS$8,$I44>=AS$7),$AK44*AS$11,0) -> 0 | AT44: =+IF(AND($I44<=AT$8,$I44>=AT$7),$AK44*AT$11,0) -> 0 | AU44: =+IF(AND($I44<=AU$8,$I44>=AU$7),$AK44*AU$11,0) -> 439227.68 | AV44: =+IF(AND($I44<=AV$8,$I44>=AV$7),$AK44*AV$11,0) -> 0 | AY44: =SUM(AO44:AX44) -> 439227.68 | AZ44: =+AO44+AP44 -> 0 | BB44: =+AK44-AY44 -> 1756910.7 | BC44: =SUM(AO44) -> 0 | BD44: =AND(AF44,NOT(ISNUMBER(MATCH(G44,Table1[Excluded Spacecraft ID],0)))) -> TRUE | BE44: =BD44*AK44*_xlfn.XLOOKUP(I44,Table2[Date From],Table2[Cession],"Error",-1)*_xlfn.XLOOKUP(I44,'S3123 Consortium Share'!$A$3:$A$5,'S3123 Consortium Share'!$F$3:$F$5,,-1) -> 183011.53 | BF44: =+BB44-BC44 -> 1756910.7 | BG44: {=IF(V44="FIBL",0,INDEX('IGR QS'!$A$1:$D$570,MATCH('Input Data'!V44&'Input Data'!W44&'Input Data'!AM44,'IGR QS'!A:A&'IGR QS'!B:B&'IGR QS'!C:C,0),4))} -> 0.85 | BH44: =+BF44*BG44 -> 1493374.1 | BI44: =+BF44-BH44 -> 263536.61 | BJ44: =IF(AND(V44=FIID,(BI44>FIID_Deductible)),MIN(BI44-FIID_Deductible,FIID_Limit),IF(AND(V44=FUL,(BI44>FUL_Deductible)),MIN(BI44-FUL_Deductible,FUL_Limit),0)) -> 0 | BK44: =BH44+BJ44 -> 1493374.1 | BL44: =+BI44-BJ44 -> 263536.61 | BN44: =SUMIFS($BL:$BL,$N:$N,$N44,$Q:$Q,1) -> 66471396 | BO44: =SUMIFS($BL:$BL,$N:$N,$N44,$Q:$Q,1,$AL:$AL,$BO$18) -> 49043092 | BP44: =SUMIFS($BL:$BL,$N:$N,$N44,$V:$V,BP$18) -> 17428305 | BQ44: =SUMIFS($BK:$BK,$N:$N,$N44) -> 1.4780349e+08 | BR44: =SUMIFS($AY:$AY,$N:$N,$N44) -> 53568720 | BT44: =SUMIFS($BF:$BF,$C:$C,$C44) -> 7958953.7 | BU44: =SUMIFS($BL:$BL,$C:$C,$C44) -> 2365642.5 | BV44: =SUMIFS($BK:$BK,$C:$C,$C44) -> 5593311.1 | BW44: =SUMIFS($AY:$AY,$C:$C,$C44) -> 1989738.4 | BY44: =IF($K44="GEO-GSO",$AK44*Proton_Flare_InsLoss,0)*Q44 -> 0 | BZ44: =IF(AND($K44="GEO-GSO",AL44="FUL"),$AK44*Proton_Flare_InsLoss,0)*$Q44 -> 0 | CA44: =IF(AND($K44="GEO-GSO",AL44="FIID"),$AK44*Proton_Flare_InsLoss,0)*$Q44 -> 0 | CB44: =IF(AND($K44="GEO-GSO",AL44="FIBL"),$AK44*Proton_Flare_InsLoss,0)*$Q44 -> 0 | CC44: =IF($K44="GEO-GSO",(AK44*BG44-BJ44)*Proton_Flare_InsLoss,0)*Q44 -> 0 | CD44: =IF($K44="GEO-GSO",$AK44*Proton_Flare_InsLoss,0)*$Q44*$R44*0.2 -> 0 | CH44: Astrium Limited - Stevenage (Part of EADS) | CI44: =SUMIFS($AK:$AK,$K:$K,"GEO-GSO",$N:$N,$CH44,$Q:$Q,1) -> 26769688 | CJ44: =SUMIFS($AK:$AK,$K:$K,"GEO-GSO",$N:$N,$CH44,$Q:$Q,1,$AL:$AL,CJ$19) -> 26769688 | CK44: =SUMIFS($AK:$AK,$K:$K,"GEO-GSO",$N:$N,$CH44,$Q:$Q,1,$AL:$AL,CK$19) -> 0 | CL44: =SUMIFS($AK:$AK,$K:$K,"GEO-GSO",$N:$N,$CH44,$Q:$Q,1,$AL:$AL,"FIBL") -> 0 | CM44: =SUMIFS($BK:$BK,$K:$K,"GEO-GSO",$N:$N,CH44,$Q:$Q,1) -> 10707875 | CN44: =SUMIFS($AK:$AK,$K:$K,"GEO-GSO",$N:$N,$CH44,$Q:$Q,1,$R:$R,1)*0.2 -> 0 | CR44: =IF(OR($K44="GEO-GSO",$K44="MEO"),$AK44*Generic_Defect_Loss,0)*$Q44*$P44 -> 0 | CS44: =IF(AND(OR($K44="GEO-GSO",$K44="MEO"),$AL44=CS$19),$AK44*Generic_Defect_Loss,0)*$Q44*$P44 -> 0 | CT44: =IF(AND(OR($K44="GEO-GSO",$K44="MEO"),$AL44=CT$19),$AK44*Generic_Defect_Loss,0)*$Q44*$P44 -> 0 | CU44: =IF(AND(OR($K44="GEO-GSO",$K44="MEO"),$AL44="FIBL"),$AK44*Generic_Defect_Loss,0)*$Q44*$P44 -> 0 | CV44: =IF(OR($K44="GEO-GSO",$K44="MEO"),($AK44*BG44-BJ44)*Generic_Defect_Loss,0)*$Q44*$P44 -> 0 | CW44: =IF(OR($K44="GEO-GSO",$K44="MEO"),$AK44*Generic_Defect_Loss,0)*$Q44*$P44*$R44*0.2 -> 0 | CY44: =IF(OR($K44="GEO-GSO",$K44="MEO"),$AK44*Space_Debris_Loss,0)*$Q44*$AE44 -> 0 | CZ44: =IF(AND(OR($K44="GEO-GSO",$K44="MEO"),$AL44=CZ$19),$AK44*Space_Debris_Loss,0)*$Q44*$AE44 -> 0 | DA44: =IF(AND(OR($K44="GEO-GSO",$K44="MEO"),$AL44=DA$19),$AK44*Space_Debris_Loss,0)*$Q44*$AE44 -> 0 | DB44: =IF(AND(OR($K44="GEO-GSO",$K44="MEO"),$AL44="FIBL"),$AK44*Space_Debris_Loss,0)*$Q44*$AE44 -> 0 | DC44: =IF(OR($K44="GEO-GSO",$K44="MEO"),($AK44*BG44-BJ44)*Space_Debris_Loss,0)*$Q44*$AE44 -> 0 | DD44: =IF(OR($K44="GEO-GSO",$K44="MEO"),$AK44*1,0)*$Q44*$AE44*$R44*0.2 -> 0
A45: =B45&"_"&C45 -> 334331_3 | B45: 334331 | C45: 3 | D45: =IFERROR(MATCH(C45,'[4]Custom Earning Pattern Not Popu'!$B$5:$B$428,0),"NA") -> NA | E45: Launch and Orbit | F45: 15 | G45: 13881 | H45: 45864 | I45: 45692 | J45: 46387 | K45: LEO | L45: 45864 | M45: 46320 | N45: Airbus Defence and Space (Toulouse) | O45: Airbus Defence and Space (Toulouse) | P45: =IFERROR(INDEX($P$10:$P$14,MATCH(DATEDIF($AC$15,M45,"M"),$O$10:$O$14,1)),0) -> 0.4 | Q45: 1 | R45: 0 | S45: =E45 -> Launch and Orbit | T45: NULL | U45: CO3D L+15 | V45: FIID | W45: ASC | X45: CO3D 3 | Y45: ASTROBUS/ASTROSAT/S-BUS FAMILY (AIRBUS) | Z45: VEGA-C | AA45: 2196138.4 | AC45: =IF(IF(K45="LEO",ROUNDUP(((M45-$AC$15)/30.5),0)*Q45,0)<0,0,IF(K45="LEO",ROUNDUP(((M45-$AC$15)/30.5),0)*Q45,0)) -> 7 | AD45: {=IF(AC45=0,0,INDEX(Summary!$S$4:$S$7,MATCH(AC45,Summary!$R$4:$R$7)+1))} -> 0.6 | AE45: =IFERROR(INDEX(Summary!$Y$4:$Y$6,MATCH('Input Data'!K45,Summary!$U$4:$U$6,0)),0) -> 0.4 | AF45: =IF(I45>=DATE(2024,7,1),TRUE,FALSE) -> TRUE | AG45: =IF(AF45,INDEX('IG Equity Share'!$B:$B,MATCH(YEAR(I45),'IG Equity Share'!$A:$A,0)),0) -> 0.075 | AH45: =AJ45*AG45*_xlfn.XLOOKUP(I45,'S3123 Consortium Share'!$A$3:$A$5,'S3123 Consortium Share'!$F$3:$F$5,,-1) -> 68629.325 | AI45: 1 | AJ45: =AA45 -> 2196138.4 | AK45: =AJ45/AI45*Q45 -> 2196138.4 | AL45: =V45 -> FIID | AM45: =YEAR(I45) -> 2025 | AN45: =INDEX('[2]Input Data'!$AH:$AH,MATCH(A45,'[2]Input Data'!$A:$A,0),1)-AH45 -> 0 | AO45: =+IF(AND($I45<=AO$8,$I45>=AO$7),$AK45*AO$11,0) -> 0 | AP45: =+IF(AND($I45<=AP$8,$I45>=AP$7),$AK45*AP$11,0) -> 0 | AQ45: =+IF(AND($I45<=AQ$8,$I45>=AQ$7),$AK45*AQ$11,0) -> 0 | AR45: =+IF(AND($I45<=AR$8,$I45>=AR$7),$AK45*AR$11,0) -> 0 | AS45: =+IF(AND($I45<=AS$8,$I45>=AS$7),$AK45*AS$11,0) -> 0 | AT45: =+IF(AND($I45<=AT$8,$I45>=AT$7),$AK45*AT$11,0) -> 0 | AU45: =+IF(AND($I45<=AU$8,$I45>=AU$7),$AK45*AU$11,0) -> 439227.68 | AV45: =+IF(AND($I45<=AV$8,$I45>=AV$7),$AK45*AV$11,0) -> 0 | AY45: =SUM(AO45:AX45) -> 439227.68 | AZ45: =+AO45+AP45 -> 0 | BB45: =+AK45-AY45 -> 1756910.7 | BC45: =SUM(AO45) -> 0 | BD45: =AND(AF45,NOT(ISNUMBER(MATCH(G45,Table1[Excluded Spacecraft ID],0)))) -> TRUE | BE45: =BD45*AK45*_xlfn.XLOOKUP(I45,Table2[Date From],Table2[Cession],"Error",-1)*_xlfn.XLOOKUP(I45,'S3123 Consortium Share'!$A$3:$A$5,'S3123 Consortium Share'!$F$3:$F$5,,-1) -> 183011.53 | BF45: =+BB45-BC45 -> 1756910.7 | BG45: {=IF(V45="FIBL",0,INDEX('IGR QS'!$A$1:$D$570,MATCH('Input Data'!V45&'Input Data'!W45&'Input Data'!AM45,'IGR QS'!A:A&'IGR QS'!B:B&'IGR QS'!C:C,0),4))} -> 0.85 | BH45: =+BF45*BG45 -> 1493374.1 | BI45: =+BF45-BH45 -> 263536.61 | BJ45: =IF(AND(V45=FIID,(BI45>FIID_Deductible)),MIN(BI45-FIID_Deductible,FIID_Limit),IF(AND(V45=FUL,(BI45>FUL_Deductible)),MIN(BI45-FUL_Deductible,FUL_Limit),0)) -> 0 | BK45: =BH45+BJ45 -> 1493374.1 | BL45: =+BI45-BJ45 -> 263536.61 | BN45: =SUMIFS($BL:$BL,$N:$N,$N45,$Q:$Q,1) -> 66471396 | BO45: =SUMIFS($BL:$BL,$N:$N,$N45,$Q:$Q,1,$AL:$AL,$BO$18) -> 49043092 | BP45: =SUMIFS($BL:$BL,$N:$N,$N45,$V:$V,BP$18) -> 17428305 | BQ45: =SUMIFS($BK:$BK,$N:$N,$N45) -> 1.4780349e+08 | BR45: =SUMIFS($AY:$AY,$N:$N,$N45) -> 53568720 | BT45: =SUMIFS($BF:$BF,$C:$C,$C45) -> 14303554 | BU45: =SUMIFS($BL:$BL,$C:$C,$C45) -> 5429275.4 | BV45: =SUMIFS($BK:$BK,$C:$C,$C45) -> 8874279 | BW45: =SUMIFS($AY:$AY,$C:$C,$C45) -> 3575888.6 | BY45: =IF($K45="GEO-GSO",$AK45*Proton_Flare_InsLoss,0)*Q45 -> 0 | BZ45: =IF(AND($K45="GEO-GSO",AL45="FUL"),$AK45*Proton_Flare_InsLoss,0)*$Q45 -> 0 | CA45: =IF(AND($K45="GEO-GSO",AL45="FIID"),$AK45*Proton_Flare_InsLoss,0)*$Q45 -> 0 | CB45: =IF(AND($K45="GEO-GSO",AL45="FIBL"),$AK45*Proton_Flare_InsLoss,0)*$Q45 -> 0 | CC45: =IF($K45="GEO-GSO",(AK45*BG45-BJ45)*Proton_Flare_InsLoss,0)*Q45 -> 0 | CD45: =IF($K45="GEO-GSO",$AK45*Proton_Flare_InsLoss,0)*$Q45*$R45*0.2 -> 0 | CH45: ITS - Institute of Telecommunication Satellites (Part of CAST) | CI45: =SUMIFS($AK:$AK,$K:$K,"GEO-GSO",$N:$N,$CH45,$Q:$Q,1) -> 3092783.5 | CJ45: =SUMIFS($AK:$AK,$K:$K,"GEO-GSO",$N:$N,$CH45,$Q:$Q,1,$AL:$AL,CJ$19) -> 3092783.5 | CK45: =SUMIFS($AK:$AK,$K:$K,"GEO-GSO",$N:$N,$CH45,$Q:$Q,1,$AL:$AL,CK$19) -> 0 | CL45: =SUMIFS($AK:$AK,$K:$K,"GEO-GSO",$N:$N,$CH45,$Q:$Q,1,$AL:$AL,"FIBL") -> 0 | CM45: =SUMIFS($BK:$BK,$K:$K,"GEO-GSO",$N:$N,CH45,$Q:$Q,1) -> 1237113.4 | CN45: =SUMIFS($AK:$AK,$K:$K,"GEO-GSO",$N:$N,$CH45,$Q:$Q,1,$R:$R,1)*0.2 -> 0 | CR45: =IF(OR($K45="GEO-GSO",$K45="MEO"),$AK45*Generic_Defect_Loss,0)*$Q45*$P45 -> 0 | CS45: =IF(AND(OR($K45="GEO-GSO",$K45="MEO"),$AL45=CS$19),$AK45*Generic_Defect_Loss,0)*$Q45*$P45 -> 0 | CT45: =IF(AND(OR($K45="GEO-GSO",$K45="MEO"),$AL45=CT$19),$AK45*Generic_Defect_Loss,0)*$Q45*$P45 -> 0 | CU45: =IF(AND(OR($K45="GEO-GSO",$K45="MEO"),$AL45="FIBL"),$AK45*Generic_Defect_Loss,0)*$Q45*$P45 -> 0 | CV45: =IF(OR($K45="GEO-GSO",$K45="MEO"),($AK45*BG45-BJ45)*Generic_Defect_Loss,0)*$Q45*$P45 -> 0 | CW45: =IF(OR($K45="GEO-GSO",$K45="MEO"),$AK45*Generic_Defect_Loss,0)*$Q45*$P45*$R45*0.2 -> 0 | CY45: =IF(OR($K45="GEO-GSO",$K45="MEO"),$AK45*Space_Debris_Loss,0)*$Q45*$AE45 -> 0 | CZ45: =IF(AND(OR($K45="GEO-GSO",$K45="MEO"),$AL45=CZ$19),$AK45*Space_Debris_Loss,0)*$Q45*$AE45 -> 0 | DA45: =IF(AND(OR($K45="GEO-GSO",$K45="MEO"),$AL45=DA$19),$AK45*Space_Debris_Loss,0)*$Q45*$AE45 -> 0 | DB45: =IF(AND(OR($K45="GEO-GSO",$K45="MEO"),$AL45="FIBL"),$AK45*Space_Debris_Loss,0)*$Q45*$AE45 -> 0 | DC45: =IF(OR($K45="GEO-GSO",$K45="MEO"),($AK45*BG45-BJ45)*Space_Debris_Loss,0)*$Q45*$AE45 -> 0 | DD45: =IF(OR($K45="GEO-GSO",$K45="MEO"),$AK45*1,0)*$Q45*$AE45*$R45*0.2 -> 0
A46: =B46&"_"&C46 -> 334331_4 | B46: 334331 | C46: 4 | D46: =IFERROR(MATCH(C46,'[4]Custom Earning Pattern Not Popu'!$B$5:$B$428,0),"NA") -> NA | E46: Launch and Orbit | F46: 15 | G46: 13882 | H46: 45864 | I46: 45692 | J46: 46387 | K46: LEO | L46: 45864 | M46: 46320 | N46: Airbus Defence and Space (Toulouse) | O46: Airbus Defence and Space (Toulouse) | P46: =IFERROR(INDEX($P$10:$P$14,MATCH(DATEDIF($AC$15,M46,"M"),$O$10:$O$14,1)),0) -> 0.4 | Q46: 1 | R46: 0 | S46: =E46 -> Launch and Orbit | T46: NULL | U46: CO3D L+15 | V46: FIID | W46: ASC | X46: CO3D 4 | Y46: ASTROBUS/ASTROSAT/S-BUS FAMILY (AIRBUS) | Z46: VEGA-C | AA46: 2196138.4 | AC46: =IF(IF(K46="LEO",ROUNDUP(((M46-$AC$15)/30.5),0)*Q46,0)<0,0,IF(K46="LEO",ROUNDUP(((M46-$AC$15)/30.5),0)*Q46,0)) -> 7 | AD46: {=IF(AC46=0,0,INDEX(Summary!$S$4:$S$7,MATCH(AC46,Summary!$R$4:$R$7)+1))} -> 0.6 | AE46: =IFERROR(INDEX(Summary!$Y$4:$Y$6,MATCH('Input Data'!K46,Summary!$U$4:$U$6,0)),0) -> 0.4 | AF46: =IF(I46>=DATE(2024,7,1),TRUE,FALSE) -> TRUE | AG46: =IF(AF46,INDEX('IG Equity Share'!$B:$B,MATCH(YEAR(I46),'IG Equity Share'!$A:$A,0)),0) -> 0.075 | AH46: =AJ46*AG46*_xlfn.XLOOKUP(I46,'S3123 Consortium Share'!$A$3:$A$5,'S3123 Consortium Share'!$F$3:$F$5,,-1) -> 68629.325 | AI46: 1 | AJ46: =AA46 -> 2196138.4 | AK46: =AJ46/AI46*Q46 -> 2196138.4 | AL46: =V46 -> FIID | AM46: =YEAR(I46) -> 2025 | AN46: =INDEX('[2]Input Data'!$AH:$AH,MATCH(A46,'[2]Input Data'!$A:$A,0),1)-AH46 -> 0 | AO46: =+IF(AND($I46<=AO$8,$I46>=AO$7),$AK46*AO$11,0) -> 0 | AP46: =+IF(AND($I46<=AP$8,$I46>=AP$7),$AK46*AP$11,0) -> 0 | AQ46: =+IF(AND($I46<=AQ$8,$I46>=AQ$7),$AK46*AQ$11,0) -> 0 | AR46: =+IF(AND($I46<=AR$8,$I46>=AR$7),$AK46*AR$11,0) -> 0 | AS46: =+IF(AND($I46<=AS$8,$I46>=AS$7),$AK46*AS$11,0) -> 0 | AT46: =+IF(AND($I46<=AT$8,$I46>=AT$7),$AK46*AT$11,0) -> 0 | AU46: =+IF(AND($I46<=AU$8,$I46>=AU$7),$AK46*AU$11,0) -> 439227.68 | AV46: =+IF(AND($I46<=AV$8,$I46>=AV$7),$AK46*AV$11,0) -> 0 | AY46: =SUM(AO46:AX46) -> 439227.68 | AZ46: =+AO46+AP46 -> 0 | BB46: =+AK46-AY46 -> 1756910.7 | BC46: =SUM(AO46) -> 0 | BD46: =AND(AF46,NOT(ISNUMBER(MATCH(G46,Table1[Excluded Spacecraft ID],0)))) -> TRUE | BE46: =BD46*AK46*_xlfn.XLOOKUP(I46,Table2[Date From],Table2[Cession],"Error",-1)*_xlfn.XLOOKUP(I46,'S3123 Consortium Share'!$A$3:$A$5,'S3123 Consortium Share'!$F$3:$F$5,,-1) -> 183011.53 | BF46: =+BB46-BC46 -> 1756910.7 | BG46: {=IF(V46="FIBL",0,INDEX('IGR QS'!$A$1:$D$570,MATCH('Input Data'!V46&'Input Data'!W46&'Input Data'!AM46,'IGR QS'!A:A&'IGR QS'!B:B&'IGR QS'!C:C,0),4))} -> 0.85 | BH46: =+BF46*BG46 -> 1493374.1 | BI46: =+BF46-BH46 -> 263536.61 | BJ46: =IF(AND(V46=FIID,(BI46>FIID_Deductible)),MIN(BI46-FIID_Deductible,FIID_Limit),IF(AND(V46=FUL,(BI46>FUL_Deductible)),MIN(BI46-FUL_Deductible,FUL_Limit),0)) -> 0 | BK46: =BH46+BJ46 -> 1493374.1 | BL46: =+BI46-BJ46 -> 263536.61 | BN46: =SUMIFS($BL:$BL,$N:$N,$N46,$Q:$Q,1) -> 66471396 | BO46: =SUMIFS($BL:$BL,$N:$N,$N46,$Q:$Q,1,$AL:$AL,$BO$18) -> 49043092 | BP46: =SUMIFS($BL:$BL,$N:$N,$N46,$V:$V,BP$18) -> 17428305 | BQ46: =SUMIFS($BK:$BK,$N:$N,$N46) -> 1.4780349e+08 | BR46: =SUMIFS($AY:$AY,$N:$N,$N46) -> 53568720 | BT46: =SUMIFS($BF:$BF,$C:$C,$C46) -> 15269337 | BU46: =SUMIFS($BL:$BL,$C:$C,$C46) -> 3749450.5 | BV46: =SUMIFS($BK:$BK,$C:$C,$C46) -> 11519887 | BW46: =SUMIFS($AY:$AY,$C:$C,$C46) -> 3817334.3 | BY46: =IF($K46="GEO-GSO",$AK46*Proton_Flare_InsLoss,0)*Q46 -> 0 | BZ46: =IF(AND($K46="GEO-GSO",AL46="FUL"),$AK46*Proton_Flare_InsLoss,0)*$Q46 -> 0 | CA46: =IF(AND($K46="GEO-GSO",AL46="FIID"),$AK46*Proton_Flare_InsLoss,0)*$Q46 -> 0 | CB46: =IF(AND($K46="GEO-GSO",AL46="FIBL"),$AK46*Proton_Flare_InsLoss,0)*$Q46 -> 0 | CC46: =IF($K46="GEO-GSO",(AK46*BG46-BJ46)*Proton_Flare_InsLoss,0)*Q46 -> 0 | CD46: =IF($K46="GEO-GSO",$AK46*Proton_Flare_InsLoss,0)*$Q46*$R46*0.2 -> 0 | CH46: U. R. Rao Satellite Centre (URSC) | CI46: =SUMIFS($AK:$AK,$K:$K,"GEO-GSO",$N:$N,$CH46,$Q:$Q,1) -> 1352952 | CJ46: =SUMIFS($AK:$AK,$K:$K,"GEO-GSO",$N:$N,$CH46,$Q:$Q,1,$AL:$AL,CJ$19) -> 1352952 | CK46: =SUMIFS($AK:$AK,$K:$K,"GEO-GSO",$N:$N,$CH46,$Q:$Q,1,$AL:$AL,CK$19) -> 0 | CL46: =SUMIFS($AK:$AK,$K:$K,"GEO-GSO",$N:$N,$CH46,$Q:$Q,1,$AL:$AL,"FIBL") -> 0 | CM46: =SUMIFS($BK:$BK,$K:$K,"GEO-GSO",$N:$N,CH46,$Q:$Q,1) -> 541180.8 | CN46: =SUMIFS($AK:$AK,$K:$K,"GEO-GSO",$N:$N,$CH46,$Q:$Q,1,$R:$R,1)*0.2 -> 0 | CR46: =IF(OR($K46="GEO-GSO",$K46="MEO"),$AK46*Generic_Defect_Loss,0)*$Q46*$P46 -> 0 | CS46: =IF(AND(OR($K46="GEO-GSO",$K46="MEO"),$AL46=CS$19),$AK46*Generic_Defect_Loss,0)*$Q46*$P46 -> 0 | CT46: =IF(AND(OR($K46="GEO-GSO",$K46="MEO"),$AL46=CT$19),$AK46*Generic_Defect_Loss,0)*$Q46*$P46 -> 0 | CU46: =IF(AND(OR($K46="GEO-GSO",$K46="MEO"),$AL46="FIBL"),$AK46*Generic_Defect_Loss,0)*$Q46*$P46 -> 0 | CV46: =IF(OR($K46="GEO-GSO",$K46="MEO"),($AK46*BG46-BJ46)*Generic_Defect_Loss,0)*$Q46*$P46 -> 0 | CW46: =IF(OR($K46="GEO-GSO",$K46="MEO"),$AK46*Generic_Defect_Loss,0)*$Q46*$P46*$R46*0.2 -> 0 | CY46: =IF(OR($K46="GEO-GSO",$K46="MEO"),$AK46*Space_Debris_Loss,0)*$Q46*$AE46 -> 0 | CZ46: =IF(AND(OR($K46="GEO-GSO",$K46="MEO"),$AL46=CZ$19),$AK46*Space_Debris_Loss,0)*$Q46*$AE46 -> 0 | DA46: =IF(AND(OR($K46="GEO-GSO",$K46="MEO"),$AL46=DA$19),$AK46*Space_Debris_Loss,0)*$Q46*$AE46 -> 0 | DB46: =IF(AND(OR($K46="GEO-GSO",$K46="MEO"),$AL46="FIBL"),$AK46*Space_Debris_Loss,0)*$Q46*$AE46 -> 0 | DC46: =IF(OR($K46="GEO-GSO",$K46="MEO"),($AK46*BG46-BJ46)*Space_Debris_Loss,0)*$Q46*$AE46 -> 0 | DD46: =IF(OR($K46="GEO-GSO",$K46="MEO"),$AK46*1,0)*$Q46*$AE46*$R46*0.2 -> 0
A47: =B47&"_"&C47 -> 351444_1 | B47: 351444 | C47: 1 | D47: =IFERROR(MATCH(C47,'[4]Custom Earning Pattern Not Popu'!$B$5:$B$428,0),"NA") -> NA | E47: In-Orbit | F47: 12 | G47: 5883 | H47: 41515 | I47: 45921 | J47: 46285 | K47: GEO-GSO | L47: 45921 | M47: 46285 | N47: SSL (Space Systems/Loral - Part of Maxar) | O47: SSL (Space Systems/Loral - Part of Maxar) | P47: =IFERROR(INDEX($P$10:$P$14,MATCH(DATEDIF($AC$15,M47,"M"),$O$10:$O$14,1)),0) -> 0.2 | Q47: 1 | R47: 0 | S47: =E47 -> In-Orbit | T47: NULL | U47: Asiasat | V47: FUL | W47: ASO | X47: ASIASAT 5 | Y47: MAXAR 1300 (FS-/LS-/SSL-1300) | Z47: ARIANE 5 | AA47: 6358762.9 | AC47: =IF(IF(K47="LEO",ROUNDUP(((M47-$AC$15)/30.5),0)*Q47,0)<0,0,IF(K47="LEO",ROUNDUP(((M47-$AC$15)/30.5),0)*Q47,0)) -> 0 | AD47: {=IF(AC47=0,0,INDEX(Summary!$S$4:$S$7,MATCH(AC47,Summary!$R$4:$R$7)+1))} -> 0 | AE47: =IFERROR(INDEX(Summary!$Y$4:$Y$6,MATCH('Input Data'!K47,Summary!$U$4:$U$6,0)),0) -> 0.05 | AF47: =IF(I47>=DATE(2024,7,1),TRUE,FALSE) -> TRUE | AG47: =IF(AF47,INDEX('IG Equity Share'!$B:$B,MATCH(YEAR(I47),'IG Equity Share'!$A:$A,0)),0) -> 0.075 | AH47: =AJ47*AG47*_xlfn.XLOOKUP(I47,'S3123 Consortium Share'!$A$3:$A$5,'S3123 Consortium Share'!$F$3:$F$5,,-1) -> 198711.34 | AI47: 1 | AJ47: =AA47 -> 6358762.9 | AK47: =AJ47/AI47*Q47 -> 6358762.9 | AL47: =V47 -> FUL | AM47: =YEAR(I47) -> 2025 | AO47: =+IF(AND($I47<=AO$8,$I47>=AO$7),$AK47*AO$11,0) -> 0 | AP47: =+IF(AND($I47<=AP$8,$I47>=AP$7),$AK47*AP$11,0) -> 0 | AQ47: =+IF(AND($I47<=AQ$8,$I47>=AQ$7),$AK47*AQ$11,0) -> 0 | AR47: =+IF(AND($I47<=AR$8,$I47>=AR$7),$AK47*AR$11,0) -> 0 | AS47: =+IF(AND($I47<=AS$8,$I47>=AS$7),$AK47*AS$11,0) -> 0 | AT47: =+IF(AND($I47<=AT$8,$I47>=AT$7),$AK47*AT$11,0) -> 0 | AU47: =+IF(AND($I47<=AU$8,$I47>=AU$7),$AK47*AU$11,0) -> 1271752.6 | AV47: =+IF(AND($I47<=AV$8,$I47>=AV$7),$AK47*AV$11,0) -> 0 | AY47: =SUM(AO47:AX47) -> 1271752.6 | AZ47: =+AO47+AP47 -> 0 | BB47: =+AK47-AY47 -> 5087010.3 | BC47: =SUM(AO47) -> 0 | BD47: =AND(AF47,NOT(ISNUMBER(MATCH(G47,Table1[Excluded Spacecraft ID],0)))) -> TRUE | BE47: =BD47*AK47*_xlfn.XLOOKUP(I47,Table2[Date From],Table2[Cession],"Error",-1)*_xlfn.XLOOKUP(I47,'S3123 Consortium Share'!$A$3:$A$5,'S3123 Consortium Share'!$F$3:$F$5,,-1) -> 529896.91 | BF47: =+BB47-BC47 -> 5087010.3 | BG47: {=IF(V47="FIBL",0,INDEX('IGR QS'!$A$1:$D$570,MATCH('Input Data'!V47&'Input Data'!W47&'Input Data'!AM47,'IGR QS'!A:A&'IGR QS'!B:B&'IGR QS'!C:C,0),4))} -> 0.5 | BH47: =+BF47*BG47 -> 2543505.2 | BI47: =+BF47-BH47 -> 2543505.2 | BJ47: =IF(AND(V47=FIID,(BI47>FIID_Deductible)),MIN(BI47-FIID_Deductible,FIID_Limit),IF(AND(V47=FUL,(BI47>FUL_Deductible)),MIN(BI47-FUL_Deductible,FUL_Limit),0)) -> 0 | BK47: =BH47+BJ47 -> 2543505.2 | BL47: =+BI47-BJ47 -> 2543505.2 | BN47: =SUMIFS($BL:$BL,$N:$N,$N47,$Q:$Q,1) -> 14120405 | BO47: =SUMIFS($BL:$BL,$N:$N,$N47,$Q:$Q,1,$AL:$AL,$BO$18) -> 12318062 | BP47: =SUMIFS($BL:$BL,$N:$N,$N47,$V:$V,BP$18) -> 1802342.8 | BQ47: =SUMIFS($BK:$BK,$N:$N,$N47) -> 22531337 | BR47: =SUMIFS($AY:$AY,$N:$N,$N47) -> 9162935.5 | BT47: =SUMIFS($BF:$BF,$C:$C,$C47) -> 42889947 | BU47: =SUMIFS($BL:$BL,$C:$C,$C47) -> 15281915 | BV47: =SUMIFS($BK:$BK,$C:$C,$C47) -> 27608031 | BW47: =SUMIFS($AY:$AY,$C:$C,$C47) -> 10722487 | BY47: =IF($K47="GEO-GSO",$AK47*Proton_Flare_InsLoss,0)*Q47 -> 317938.14 | BZ47: =IF(AND($K47="GEO-GSO",AL47="FUL"),$AK47*Proton_Flare_InsLoss,0)*$Q47 -> 317938.14 | CA47: =IF(AND($K47="GEO-GSO",AL47="FIID"),$AK47*Proton_Flare_InsLoss,0)*$Q47 -> 0 | CB47: =IF(AND($K47="GEO-GSO",AL47="FIBL"),$AK47*Proton_Flare_InsLoss,0)*$Q47 -> 0 | CC47: =IF($K47="GEO-GSO",(AK47*BG47-BJ47)*Proton_Flare_InsLoss,0)*Q47 -> 158969.07 | CD47: =IF($K47="GEO-GSO",$AK47*Proton_Flare_InsLoss,0)*$Q47*$R47*0.2 -> 0 | CH47: Astranis | CR47: =IF(OR($K47="GEO-GSO",$K47="MEO"),$AK47*Generic_Defect_Loss,0)*$Q47*$P47 -> 635876.29 | CS47: =IF(AND(OR($K47="GEO-GSO",$K47="MEO"),$AL47=CS$19),$AK47*Generic_Defect_Loss,0)*$Q47*$P47 -> 635876.29 | CT47: =IF(AND(OR($K47="GEO-GSO",$K47="MEO"),$AL47=CT$19),$AK47*Generic_Defect_Loss,0)*$Q47*$P47 -> 0 | CU47: =IF(AND(OR($K47="GEO-GSO",$K47="MEO"),$AL47="FIBL"),$AK47*Generic_Defect_Loss,0)*$Q47*$P47 -> 0 | CV47: =IF(OR($K47="GEO-GSO",$K47="MEO"),($AK47*BG47-BJ47)*Generic_Defect_Loss,0)*$Q47*$P47 -> 317938.14 | CW47: =IF(OR($K47="GEO-GSO",$K47="MEO"),$AK47*Generic_Defect_Loss,0)*$Q47*$P47*$R47*0.2 -> 0 | CY47: =IF(OR($K47="GEO-GSO",$K47="MEO"),$AK47*Space_Debris_Loss,0)*$Q47*$AE47 -> 317938.14 | CZ47: =IF(AND(OR($K47="GEO-GSO",$K47="MEO"),$AL47=CZ$19),$AK47*Space_Debris_Loss,0)*$Q47*$AE47 -> 317938.14 | DA47: =IF(AND(OR($K47="GEO-GSO",$K47="MEO"),$AL47=DA$19),$AK47*Space_Debris_Loss,0)*$Q47*$AE47 -> 0 | DB47: =IF(AND(OR($K47="GEO-GSO",$K47="MEO"),$AL47="FIBL"),$AK47*Space_Debris_Loss,0)*$Q47*$AE47 -> 0 | DC47: =IF(OR($K47="GEO-GSO",$K47="MEO"),($AK47*BG47-BJ47)*Space_Debris_Loss,0)*$Q47*$AE47 -> 158969.07 | DD47: =IF(OR($K47="GEO-GSO",$K47="MEO"),$AK47*1,0)*$Q47*$AE47*$R47*0.2 -> 0
A48: =B48&"_"&C48 -> 351444_2 | B48: 351444 | C48: 2 | D48: =IFERROR(MATCH(C48,'[4]Custom Earning Pattern Not Popu'!$B$5:$B$428,0),"NA") -> NA | E48: In-Orbit | F48: 12 | G48: 9266 | H48: 43368 | I48: 45921 | J48: 46285 | K48: GEO-GSO | L48: 45921 | M48: 46285 | N48: SSL (Space Systems/Loral - Part of Maxar) | O48: SSL (Space Systems/Loral - Part of Maxar) | P48: =IFERROR(INDEX($P$10:$P$14,MATCH(DATEDIF($AC$15,M48,"M"),$O$10:$O$14,1)),0) -> 0.2 | Q48: 1 | R48: 0 | S48: =E48 -> In-Orbit | T48: NULL | U48: Asiasat | V48: FUL | W48: ASO | X48: ASIASAT 6/THAICOM 7 | Y48: MAXAR 1300 (FS-/LS-/SSL-1300) | Z48: ARIANE 5 | AA48: 4082474.2 | AC48: =IF(IF(K48="LEO",ROUNDUP(((M48-$AC$15)/30.5),0)*Q48,0)<0,0,IF(K48="LEO",ROUNDUP(((M48-$AC$15)/30.5),0)*Q48,0)) -> 0 | AD48: {=IF(AC48=0,0,INDEX(Summary!$S$4:$S$7,MATCH(AC48,Summary!$R$4:$R$7)+1))} -> 0 | AE48: =IFERROR(INDEX(Summary!$Y$4:$Y$6,MATCH('Input Data'!K48,Summary!$U$4:$U$6,0)),0) -> 0.05 | AF48: =IF(I48>=DATE(2024,7,1),TRUE,FALSE) -> TRUE | AG48: =IF(AF48,INDEX('IG Equity Share'!$B:$B,MATCH(YEAR(I48),'IG Equity Share'!$A:$A,0)),0) -> 0.075 | AH48: =AJ48*AG48*_xlfn.XLOOKUP(I48,'S3123 Consortium Share'!$A$3:$A$5,'S3123 Consortium Share'!$F$3:$F$5,,-1) -> 127577.32 | AI48: 1 | AJ48: =AA48 -> 4082474.2 | AK48: =AJ48/AI48*Q48 -> 4082474.2 | AL48: =V48 -> FUL | AM48: =YEAR(I48) -> 2025 | AN48: =INDEX('[2]Input Data'!$AH:$AH,MATCH(A48,'[2]Input Data'!$A:$A,0),1)-AH48 -> 0 | AO48: =+IF(AND($I48<=AO$8,$I48>=AO$7),$AK48*AO$11,0) -> 0 | AP48: =+IF(AND($I48<=AP$8,$I48>=AP$7),$AK48*AP$11,0) -> 0 | AQ48: =+IF(AND($I48<=AQ$8,$I48>=AQ$7),$AK48*AQ$11,0) -> 0 | AR48: =+IF(AND($I48<=AR$8,$I48>=AR$7),$AK48*AR$11,0) -> 0 | AS48: =+IF(AND($I48<=AS$8,$I48>=AS$7),$AK48*AS$11,0) -> 0 | AT48: =+IF(AND($I48<=AT$8,$I48>=AT$7),$AK48*AT$11,0) -> 0 | AU48: =+IF(AND($I48<=AU$8,$I48>=AU$7),$AK48*AU$11,0) -> 816494.84 | AV48: =+IF(AND($I48<=AV$8,$I48>=AV$7),$AK48*AV$11,0) -> 0 | AY48: =SUM(AO48:AX48) -> 816494.84 | AZ48: =+AO48+AP48 -> 0 | BB48: =+AK48-AY48 -> 3265979.4 | BC48: =SUM(AO48) -> 0 | BD48: =AND(AF48,NOT(ISNUMBER(MATCH(G48,Table1[Excluded Spacecraft ID],0)))) -> TRUE | BE48: =BD48*AK48*_xlfn.XLOOKUP(I48,Table2[Date From],Table2[Cession],"Error",-1)*_xlfn.XLOOKUP(I48,'S3123 Consortium Share'!$A$3:$A$5,'S3123 Consortium Share'!$F$3:$F$5,,-1) -> 340206.18 | BF48: =+BB48-BC48 -> 3265979.4 | BG48: {=IF(V48="FIBL",0,INDEX('IGR QS'!$A$1:$D$570,MATCH('Input Data'!V48&'Input Data'!W48&'Input Data'!AM48,'IGR QS'!A:A&'IGR QS'!B:B&'IGR QS'!C:C,0),4))} -> 0.5 | BH48: =+BF48*BG48 -> 1632989.7 | BI48: =+BF48-BH48 -> 1632989.7 | BJ48: =IF(AND(V48=FIID,(BI48>FIID_Deductible)),MIN(BI48-FIID_Deductible,FIID_Limit),IF(AND(V48=FUL,(BI48>FUL_Deductible)),MIN(BI48-FUL_Deductible,FUL_Limit),0)) -> 0 | BK48: =BH48+BJ48 -> 1632989.7 | BL48: =+BI48-BJ48 -> 1632989.7 | BN48: =SUMIFS($BL:$BL,$N:$N,$N48,$Q:$Q,1) -> 14120405 | BO48: =SUMIFS($BL:$BL,$N:$N,$N48,$Q:$Q,1,$AL:$AL,$BO$18) -> 12318062 | BP48: =SUMIFS($BL:$BL,$N:$N,$N48,$V:$V,BP$18) -> 1802342.8 | BQ48: =SUMIFS($BK:$BK,$N:$N,$N48) -> 22531337 | BR48: =SUMIFS($AY:$AY,$N:$N,$N48) -> 9162935.5 | BT48: =SUMIFS($BF:$BF,$C:$C,$C48) -> 7958953.7 | BU48: =SUMIFS($BL:$BL,$C:$C,$C48) -> 2365642.5 | BV48: =SUMIFS($BK:$BK,$C:$C,$C48) -> 5593311.1 | BW48: =SUMIFS($AY:$AY,$C:$C,$C48) -> 1989738.4 | BY48: =IF($K48="GEO-GSO",$AK48*Proton_Flare_InsLoss,0)*Q48 -> 204123.71 | BZ48: =IF(AND($K48="GEO-GSO",AL48="FUL"),$AK48*Proton_Flare_InsLoss,0)*$Q48 -> 204123.71 | CA48: =IF(AND($K48="GEO-GSO",AL48="FIID"),$AK48*Proton_Flare_InsLoss,0)*$Q48 -> 0 | CB48: =IF(AND($K48="GEO-GSO",AL48="FIBL"),$AK48*Proton_Flare_InsLoss,0)*$Q48 -> 0 | CC48: =IF($K48="GEO-GSO",(AK48*BG48-BJ48)*Proton_Flare_InsLoss,0)*Q48 -> 102061.86 | CD48: =IF($K48="GEO-GSO",$AK48*Proton_Flare_InsLoss,0)*$Q48*$R48*0.2 -> 0 | CH48: 0 | CR48: =IF(OR($K48="GEO-GSO",$K48="MEO"),$AK48*Generic_Defect_Loss,0)*$Q48*$P48 -> 408247.42 | CS48: =IF(AND(OR($K48="GEO-GSO",$K48="MEO"),$AL48=CS$19),$AK48*Generic_Defect_Loss,0)*$Q48*$P48 -> 408247.42 | CT48: =IF(AND(OR($K48="GEO-GSO",$K48="MEO"),$AL48=CT$19),$AK48*Generic_Defect_Loss,0)*$Q48*$P48 -> 0 | CU48: =IF(AND(OR($K48="GEO-GSO",$K48="MEO"),$AL48="FIBL"),$AK48*Generic_Defect_Loss,0)*$Q48*$P48 -> 0 | CV48: =IF(OR($K48="GEO-GSO",$K48="MEO"),($AK48*BG48-BJ48)*Generic_Defect_Loss,0)*$Q48*$P48 -> 204123.71 | CW48: =IF(OR($K48="GEO-GSO",$K48="MEO"),$AK48*Generic_Defect_Loss,0)*$Q48*$P48*$R48*0.2 -> 0 | CY48: =IF(OR($K48="GEO-GSO",$K48="MEO"),$AK48*Space_Debris_Loss,0)*$Q48*$AE48 -> 204123.71 | CZ48: =IF(AND(OR($K48="GEO-GSO",$K48="MEO"),$AL48=CZ$19),$AK48*Space_Debris_Loss,0)*$Q48*$AE48 -> 204123.71 | DA48: =IF(AND(OR($K48="GEO-GSO",$K48="MEO"),$AL48=DA$19),$AK48*Space_Debris_Loss,0)*$Q48*$AE48 -> 0 | DB48: =IF(AND(OR($K48="GEO-GSO",$K48="MEO"),$AL48="FIBL"),$AK48*Space_Debris_Loss,0)*$Q48*$AE48 -> 0 | DC48: =IF(OR($K48="GEO-GSO",$K48="MEO"),($AK48*BG48-BJ48)*Space_Debris_Loss,0)*$Q48*$AE48 -> 102061.86 | DD48: =IF(OR($K48="GEO-GSO",$K48="MEO"),$AK48*1,0)*$Q48*$AE48*$R48*0.2 -> 0
A49: =B49&"_"&C49 -> 351444_3 | B49: 351444 | C49: 3 | D49: =IFERROR(MATCH(C49,'[4]Custom Earning Pattern Not Popu'!$B$5:$B$428,0),"NA") -> NA | E49: In-Orbit | F49: 12 | G49: 8834 | H49: 45141 | I49: 45921 | J49: 46285 | K49: GEO-GSO | L49: 45921 | M49: 46285 | N49: SSL (Space Systems/Loral - Part of Maxar) | O49: SSL (Space Systems/Loral - Part of Maxar) | P49: =IFERROR(INDEX($P$10:$P$14,MATCH(DATEDIF($AC$15,M49,"M"),$O$10:$O$14,1)),0) -> 0.2 | Q49: 1 | R49: 0 | S49: =E49 -> In-Orbit | T49: NULL | U49: Asiasat | V49: FUL | W49: ASO | X49: ASIASAT 7 | Y49: MAXAR 1300 (FS-/LS-/SSL-1300) | Z49: FALCON 9, 5 & HEAVY | AA49: 6581443.3 | AC49: =IF(IF(K49="LEO",ROUNDUP(((M49-$AC$15)/30.5),0)*Q49,0)<0,0,IF(K49="LEO",ROUNDUP(((M49-$AC$15)/30.5),0)*Q49,0)) -> 0 | AD49: {=IF(AC49=0,0,INDEX(Summary!$S$4:$S$7,MATCH(AC49,Summary!$R$4:$R$7)+1))} -> 0 | AE49: =IFERROR(INDEX(Summary!$Y$4:$Y$6,MATCH('Input Data'!K49,Summary!$U$4:$U$6,0)),0) -> 0.05 | AF49: =IF(I49>=DATE(2024,7,1),TRUE,FALSE) -> TRUE | AG49: =IF(AF49,INDEX('IG Equity Share'!$B:$B,MATCH(YEAR(I49),'IG Equity Share'!$A:$A,0)),0) -> 0.075 | AH49: =AJ49*AG49*_xlfn.XLOOKUP(I49,'S3123 Consortium Share'!$A$3:$A$5,'S3123 Consortium Share'!$F$3:$F$5,,-1) -> 205670.1 | AI49: 1 | AJ49: =AA49 -> 6581443.3 | AK49: =AJ49/AI49*Q49 -> 6581443.3 | AL49: =V49 -> FUL | AM49: =YEAR(I49) -> 2025 | AN49: =INDEX('[2]Input Data'!$AH:$AH,MATCH(A49,'[2]Input Data'!$A:$A,0),1)-AH49 -> 0 | AO49: =+IF(AND($I49<=AO$8,$I49>=AO$7),$AK49*AO$11,0) -> 0 | AP49: =+IF(AND($I49<=AP$8,$I49>=AP$7),$AK49*AP$11,0) -> 0 | AQ49: =+IF(AND($I49<=AQ$8,$I49>=AQ$7),$AK49*AQ$11,0) -> 0 | AR49: =+IF(AND($I49<=AR$8,$I49>=AR$7),$AK49*AR$11,0) -> 0 | AS49: =+IF(AND($I49<=AS$8,$I49>=AS$7),$AK49*AS$11,0) -> 0 | AT49: =+IF(AND($I49<=AT$8,$I49>=AT$7),$AK49*AT$11,0) -> 0 | AU49: =+IF(AND($I49<=AU$8,$I49>=AU$7),$AK49*AU$11,0) -> 1316288.7 | AV49: =+IF(AND($I49<=AV$8,$I49>=AV$7),$AK49*AV$11,0) -> 0 | AY49: =SUM(AO49:AX49) -> 1316288.7 | AZ49: =+AO49+AP49 -> 0 | BB49: =+AK49-AY49 -> 5265154.6 | BC49: =SUM(AO49) -> 0 | BD49: =AND(AF49,NOT(ISNUMBER(MATCH(G49,Table1[Excluded Spacecraft ID],0)))) -> TRUE | BE49: =BD49*AK49*_xlfn.XLOOKUP(I49,Table2[Date From],Table2[Cession],"Error",-1)*_xlfn.XLOOKUP(I49,'S3123 Consortium Share'!$A$3:$A$5,'S3123 Consortium Share'!$F$3:$F$5,,-1) -> 548453.61 | BF49: =+BB49-BC49 -> 5265154.6 | BG49: {=IF(V49="FIBL",0,INDEX('IGR QS'!$A$1:$D$570,MATCH('Input Data'!V49&'Input Data'!W49&'Input Data'!AM49,'IGR QS'!A:A&'IGR QS'!B:B&'IGR QS'!C:C,0),4))} -> 0.5 | BH49: =+BF49*BG49 -> 2632577.3 | BI49: =+BF49-BH49 -> 2632577.3 | BJ49: =IF(AND(V49=FIID,(BI49>FIID_Deductible)),MIN(BI49-FIID_Deductible,FIID_Limit),IF(AND(V49=FUL,(BI49>FUL_Deductible)),MIN(BI49-FUL_Deductible,FUL_Limit),0)) -> 0 | BK49: =BH49+BJ49 -> 2632577.3 | BL49: =+BI49-BJ49 -> 2632577.3 | BN49: =SUMIFS($BL:$BL,$N:$N,$N49,$Q:$Q,1) -> 14120405 | BO49: =SUMIFS($BL:$BL,$N:$N,$N49,$Q:$Q,1,$AL:$AL,$BO$18) -> 12318062 | BP49: =SUMIFS($BL:$BL,$N:$N,$N49,$V:$V,BP$18) -> 1802342.8 | BQ49: =SUMIFS($BK:$BK,$N:$N,$N49) -> 22531337 | BR49: =SUMIFS($AY:$AY,$N:$N,$N49) -> 9162935.5 | BT49: =SUMIFS($BF:$BF,$C:$C,$C49) -> 14303554 | BU49: =SUMIFS($BL:$BL,$C:$C,$C49) -> 5429275.4 | BV49: =SUMIFS($BK:$BK,$C:$C,$C49) -> 8874279 | BW49: =SUMIFS($AY:$AY,$C:$C,$C49) -> 3575888.6 | BY49: =IF($K49="GEO-GSO",$AK49*Proton_Flare_InsLoss,0)*Q49 -> 329072.16 | BZ49: =IF(AND($K49="GEO-GSO",AL49="FUL"),$AK49*Proton_Flare_InsLoss,0)*$Q49 -> 329072.16 | CA49: =IF(AND($K49="GEO-GSO",AL49="FIID"),$AK49*Proton_Flare_InsLoss,0)*$Q49 -> 0 | CB49: =IF(AND($K49="GEO-GSO",AL49="FIBL"),$AK49*Proton_Flare_InsLoss,0)*$Q49 -> 0 | CC49: =IF($K49="GEO-GSO",(AK49*BG49-BJ49)*Proton_Flare_InsLoss,0)*Q49 -> 164536.08 | CD49: =IF($K49="GEO-GSO",$AK49*Proton_Flare_InsLoss,0)*$Q49*$R49*0.2 -> 0 | CR49: =IF(OR($K49="GEO-GSO",$K49="MEO"),$AK49*Generic_Defect_Loss,0)*$Q49*$P49 -> 658144.33 | CS49: =IF(AND(OR($K49="GEO-GSO",$K49="MEO"),$AL49=CS$19),$AK49*Generic_Defect_Loss,0)*$Q49*$P49 -> 658144.33 | CT49: =IF(AND(OR($K49="GEO-GSO",$K49="MEO"),$AL49=CT$19),$AK49*Generic_Defect_Loss,0)*$Q49*$P49 -> 0 | CU49: =IF(AND(OR($K49="GEO-GSO",$K49="MEO"),$AL49="FIBL"),$AK49*Generic_Defect_Loss,0)*$Q49*$P49 -> 0 | CV49: =IF(OR($K49="GEO-GSO",$K49="MEO"),($AK49*BG49-BJ49)*Generic_Defect_Loss,0)*$Q49*$P49 -> 329072.16 | CW49: =IF(OR($K49="GEO-GSO",$K49="MEO"),$AK49*Generic_Defect_Loss,0)*$Q49*$P49*$R49*0.2 -> 0 | CY49: =IF(OR($K49="GEO-GSO",$K49="MEO"),$AK49*Space_Debris_Loss,0)*$Q49*$AE49 -> 329072.16 | CZ49: =IF(AND(OR($K49="GEO-GSO",$K49="MEO"),$AL49=CZ$19),$AK49*Space_Debris_Loss,0)*$Q49*$AE49 -> 329072.16 | DA49: =IF(AND(OR($K49="GEO-GSO",$K49="MEO"),$AL49=DA$19),$AK49*Space_Debris_Loss,0)*$Q49*$AE49 -> 0 | DB49: =IF(AND(OR($K49="GEO-GSO",$K49="MEO"),$AL49="FIBL"),$AK49*Space_Debris_Loss,0)*$Q49*$AE49 -> 0 | DC49: =IF(OR($K49="GEO-GSO",$K49="MEO"),($AK49*BG49-BJ49)*Space_Debris_Loss,0)*$Q49*$AE49 -> 164536.08 | DD49: =IF(OR($K49="GEO-GSO",$K49="MEO"),$AK49*1,0)*$Q49*$AE49*$R49*0.2 -> 0
A50: =B50&"_"&C50 -> 351444_4 | B50: 351444 | C50: 4 | D50: =IFERROR(MATCH(C50,'[4]Custom Earning Pattern Not Popu'!$B$5:$B$428,0),"NA") -> NA | E50: In-Orbit | F50: 12 | G50: 9267 | H50: 41022 | I50: 45921 | J50: 46285 | K50: GEO-GSO | L50: 45921 | M50: 46285 | N50: SSL (Space Systems/Loral - Part of Maxar) | O50: SSL (Space Systems/Loral - Part of Maxar) | P50: =IFERROR(INDEX($P$10:$P$14,MATCH(DATEDIF($AC$15,M50,"M"),$O$10:$O$14,1)),0) -> 0.2 | Q50: 1 | R50: 0 | S50: =E50 -> In-Orbit | T50: NULL | U50: Asiasat | V50: FUL | W50: ASO | X50: AMOS 7 (ASIASAT 8) | Y50: MAXAR 1300 (FS-/LS-/SSL-1300) | Z50: PROTON | AA50: 4391752.6 | AC50: =IF(IF(K50="LEO",ROUNDUP(((M50-$AC$15)/30.5),0)*Q50,0)<0,0,IF(K50="LEO",ROUNDUP(((M50-$AC$15)/30.5),0)*Q50,0)) -> 0 | AD50: {=IF(AC50=0,0,INDEX(Summary!$S$4:$S$7,MATCH(AC50,Summary!$R$4:$R$7)+1))} -> 0 | AE50: =IFERROR(INDEX(Summary!$Y$4:$Y$6,MATCH('Input Data'!K50,Summary!$U$4:$U$6,0)),0) -> 0.05 | AF50: =IF(I50>=DATE(2024,7,1),TRUE,FALSE) -> TRUE | AG50: =IF(AF50,INDEX('IG Equity Share'!$B:$B,MATCH(YEAR(I50),'IG Equity Share'!$A:$A,0)),0) -> 0.075 | AH50: =AJ50*AG50*_xlfn.XLOOKUP(I50,'S3123 Consortium Share'!$A$3:$A$5,'S3123 Consortium Share'!$F$3:$F$5,,-1) -> 137242.27 | AI50: 1 | AJ50: =AA50 -> 4391752.6 | AK50: =AJ50/AI50*Q50 -> 4391752.6 | AL50: =V50 -> FUL | AM50: =YEAR(I50) -> 2025 | AO50: =+IF(AND($I50<=AO$8,$I50>=AO$7),$AK50*AO$11,0) -> 0 | AP50: =+IF(AND($I50<=AP$8,$I50>=AP$7),$AK50*AP$11,0) -> 0 | AQ50: =+IF(AND($I50<=AQ$8,$I50>=AQ$7),$AK50*AQ$11,0) -> 0 | AR50: =+IF(AND($I50<=AR$8,$I50>=AR$7),$AK50*AR$11,0) -> 0 | AS50: =+IF(AND($I50<=AS$8,$I50>=AS$7),$AK50*AS$11,0) -> 0 | AT50: =+IF(AND($I50<=AT$8,$I50>=AT$7),$AK50*AT$11,0) -> 0 | AU50: =+IF(AND($I50<=AU$8,$I50>=AU$7),$AK50*AU$11,0) -> 878350.51 | AV50: =+IF(AND($I50<=AV$8,$I50>=AV$7),$AK50*AV$11,0) -> 0 | AY50: =SUM(AO50:AX50) -> 878350.51 | AZ50: =+AO50+AP50 -> 0 | BB50: =+AK50-AY50 -> 3513402.1 | BC50: =SUM(AO50) -> 0 | BD50: =AND(AF50,NOT(ISNUMBER(MATCH(G50,Table1[Excluded Spacecraft ID],0)))) -> TRUE | BE50: =BD50*AK50*_xlfn.XLOOKUP(I50,Table2[Date From],Table2[Cession],"Error",-1)*_xlfn.XLOOKUP(I50,'S3123 Consortium Share'!$A$3:$A$5,'S3123 Consortium Share'!$F$3:$F$5,,-1) -> 365979.38 | BF50: =+BB50-BC50 -> 3513402.1 | BG50: {=IF(V50="FIBL",0,INDEX('IGR QS'!$A$1:$D$570,MATCH('Input Data'!V50&'Input Data'!W50&'Input Data'!AM50,'IGR QS'!A:A&'IGR QS'!B:B&'IGR QS'!C:C,0),4))} -> 0.5 | BH50: =+BF50*BG50 -> 1756701 | BI50: =+BF50-BH50 -> 1756701 | BJ50: =IF(AND(V50=FIID,(BI50>FIID_Deductible)),MIN(BI50-FIID_Deductible,FIID_Limit),IF(AND(V50=FUL,(BI50>FUL_Deductible)),MIN(BI50-FUL_Deductible,FUL_Limit),0)) -> 0 | BK50: =BH50+BJ50 -> 1756701 | BL50: =+BI50-BJ50 -> 1756701 | BN50: =SUMIFS($BL:$BL,$N:$N,$N50,$Q:$Q,1) -> 14120405 | BO50: =SUMIFS($BL:$BL,$N:$N,$N50,$Q:$Q,1,$AL:$AL,$BO$18) -> 12318062 | BP50: =SUMIFS($BL:$BL,$N:$N,$N50,$V:$V,BP$18) -> 1802342.8 | BQ50: =SUMIFS($BK:$BK,$N:$N,$N50) -> 22531337 | BR50: =SUMIFS($AY:$AY,$N:$N,$N50) -> 9162935.5 | BT50: =SUMIFS($BF:$BF,$C:$C,$C50) -> 15269337 | BU50: =SUMIFS($BL:$BL,$C:$C,$C50) -> 3749450.5 | BV50: =SUMIFS($BK:$BK,$C:$C,$C50) -> 11519887 | BW50: =SUMIFS($AY:$AY,$C:$C,$C50) -> 3817334.3 | BY50: =IF($K50="GEO-GSO",$AK50*Proton_Flare_InsLoss,0)*Q50 -> 219587.63 | BZ50: =IF(AND($K50="GEO-GSO",AL50="FUL"),$AK50*Proton_Flare_InsLoss,0)*$Q50 -> 219587.63 | CA50: =IF(AND($K50="GEO-GSO",AL50="FIID"),$AK50*Proton_Flare_InsLoss,0)*$Q50 -> 0 | CB50: =IF(AND($K50="GEO-GSO",AL50="FIBL"),$AK50*Proton_Flare_InsLoss,0)*$Q50 -> 0 | CC50: =IF($K50="GEO-GSO",(AK50*BG50-BJ50)*Proton_Flare_InsLoss,0)*Q50 -> 109793.81 | CD50: =IF($K50="GEO-GSO",$AK50*Proton_Flare_InsLoss,0)*$Q50*$R50*0.2 -> 0 | CR50: =IF(OR($K50="GEO-GSO",$K50="MEO"),$AK50*Generic_Defect_Loss,0)*$Q50*$P50 -> 439175.26 | CS50: =IF(AND(OR($K50="GEO-GSO",$K50="MEO"),$AL50=CS$19),$AK50*Generic_Defect_Loss,0)*$Q50*$P50 -> 439175.26 | CT50: =IF(AND(OR($K50="GEO-GSO",$K50="MEO"),$AL50=CT$19),$AK50*Generic_Defect_Loss,0)*$Q50*$P50 -> 0 | CU50: =IF(AND(OR($K50="GEO-GSO",$K50="MEO"),$AL50="FIBL"),$AK50*Generic_Defect_Loss,0)*$Q50*$P50 -> 0 | CV50: =IF(OR($K50="GEO-GSO",$K50="MEO"),($AK50*BG50-BJ50)*Generic_Defect_Loss,0)*$Q50*$P50 -> 219587.63 | CW50: =IF(OR($K50="GEO-GSO",$K50="MEO"),$AK50*Generic_Defect_Loss,0)*$Q50*$P50*$R50*0.2 -> 0 | CY50: =IF(OR($K50="GEO-GSO",$K50="MEO"),$AK50*Space_Debris_Loss,0)*$Q50*$AE50 -> 219587.63 | CZ50: =IF(AND(OR($K50="GEO-GSO",$K50="MEO"),$AL50=CZ$19),$AK50*Space_Debris_Loss,0)*$Q50*$AE50 -> 219587.63 | DA50: =IF(AND(OR($K50="GEO-GSO",$K50="MEO"),$AL50=DA$19),$AK50*Space_Debris_Loss,0)*$Q50*$AE50 -> 0 | DB50: =IF(AND(OR($K50="GEO-GSO",$K50="MEO"),$AL50="FIBL"),$AK50*Space_Debris_Loss,0)*$Q50*$AE50 -> 0 | DC50: =IF(OR($K50="GEO-GSO",$K50="MEO"),($AK50*BG50-BJ50)*Space_Debris_Loss,0)*$Q50*$AE50 -> 109793.81 | DD50: =IF(OR($K50="GEO-GSO",$K50="MEO"),$AK50*1,0)*$Q50*$AE50*$R50*0.2 -> 0
A51: =B51&"_"&C51 -> 351444_5 | B51: 351444 | C51: 5 | D51: =IFERROR(MATCH(C51,'[4]Custom Earning Pattern Not Popu'!$B$5:$B$428,0),"NA") -> NA | E51: In-Orbit | F51: 12 | G51: 9607 | H51: 42648 | I51: 45921 | J51: 46285 | K51: GEO-GSO | L51: 45921 | M51: 46285 | N51: SSL (Space Systems/Loral - Part of Maxar) | O51: SSL (Space Systems/Loral - Part of Maxar) | P51: =IFERROR(INDEX($P$10:$P$14,MATCH(DATEDIF($AC$15,M51,"M"),$O$10:$O$14,1)),0) -> 0.2 | Q51: 1 | R51: 0 | S51: =E51 -> In-Orbit | T51: NULL | U51: Asiasat | V51: FUL | W51: ASO | X51: ASIASAT 9 | Y51: MAXAR 1300 (FS-/LS-/SSL-1300) | Z51: ARIANE 5 | AA51: 9380721.6 | AC51: =IF(IF(K51="LEO",ROUNDUP(((M51-$AC$15)/30.5),0)*Q51,0)<0,0,IF(K51="LEO",ROUNDUP(((M51-$AC$15)/30.5),0)*Q51,0)) -> 0 | AD51: {=IF(AC51=0,0,INDEX(Summary!$S$4:$S$7,MATCH(AC51,Summary!$R$4:$R$7)+1))} -> 0 | AE51: =IFERROR(INDEX(Summary!$Y$4:$Y$6,MATCH('Input Data'!K51,Summary!$U$4:$U$6,0)),0) -> 0.05 | AF51: =IF(I51>=DATE(2024,7,1),TRUE,FALSE) -> TRUE | AG51: =IF(AF51,INDEX('IG Equity Share'!$B:$B,MATCH(YEAR(I51),'IG Equity Share'!$A:$A,0)),0) -> 0.075 | AH51: =AJ51*AG51*_xlfn.XLOOKUP(I51,'S3123 Consortium Share'!$A$3:$A$5,'S3123 Consortium Share'!$F$3:$F$5,,-1) -> 293147.55 | AI51: 1 | AJ51: =AA51 -> 9380721.6 | AK51: =AJ51/AI51*Q51 -> 9380721.6 | AL51: =V51 -> FUL | AM51: =YEAR(I51) -> 2025 | AO51: =+IF(AND($I51<=AO$8,$I51>=AO$7),$AK51*AO$11,0) -> 0 | AP51: =+IF(AND($I51<=AP$8,$I51>=AP$7),$AK51*AP$11,0) -> 0 | AQ51: =+IF(AND($I51<=AQ$8,$I51>=AQ$7),$AK51*AQ$11,0) -> 0 | AR51: =+IF(AND($I51<=AR$8,$I51>=AR$7),$AK51*AR$11,0) -> 0 | AS51: =+IF(AND($I51<=AS$8,$I51>=AS$7),$AK51*AS$11,0) -> 0 | AT51: =+IF(AND($I51<=AT$8,$I51>=AT$7),$AK51*AT$11,0) -> 0 | AU51: =+IF(AND($I51<=AU$8,$I51>=AU$7),$AK51*AU$11,0) -> 1876144.3 | AV51: =+IF(AND($I51<=AV$8,$I51>=AV$7),$AK51*AV$11,0) -> 0 | AY51: =SUM(AO51:AX51) -> 1876144.3 | AZ51: =+AO51+AP51 -> 0 | BB51: =+AK51-AY51 -> 7504577.3 | BC51: =SUM(AO51) -> 0 | BD51: =AND(AF51,NOT(ISNUMBER(MATCH(G51,Table1[Excluded Spacecraft ID],0)))) -> TRUE | BE51: =BD51*AK51*_xlfn.XLOOKUP(I51,Table2[Date From],Table2[Cession],"Error",-1)*_xlfn.XLOOKUP(I51,'S3123 Consortium Share'!$A$3:$A$5,'S3123 Consortium Share'!$F$3:$F$5,,-1) -> 781726.8 | BF51: =+BB51-BC51 -> 7504577.3 | BG51: {=IF(V51="FIBL",0,INDEX('IGR QS'!$A$1:$D$570,MATCH('Input Data'!V51&'Input Data'!W51&'Input Data'!AM51,'IGR QS'!A:A&'IGR QS'!B:B&'IGR QS'!C:C,0),4))} -> 0.5 | BH51: =+BF51*BG51 -> 3752288.7 | BI51: =+BF51-BH51 -> 3752288.7 | BJ51: =IF(AND(V51=FIID,(BI51>FIID_Deductible)),MIN(BI51-FIID_Deductible,FIID_Limit),IF(AND(V51=FUL,(BI51>FUL_Deductible)),MIN(BI51-FUL_Deductible,FUL_Limit),0)) -> 0 | BK51: =BH51+BJ51 -> 3752288.7 | BL51: =+BI51-BJ51 -> 3752288.7 | BN51: =SUMIFS($BL:$BL,$N:$N,$N51,$Q:$Q,1) -> 14120405 | BO51: =SUMIFS($BL:$BL,$N:$N,$N51,$Q:$Q,1,$AL:$AL,$BO$18) -> 12318062 | BP51: =SUMIFS($BL:$BL,$N:$N,$N51,$V:$V,BP$18) -> 1802342.8 | BQ51: =SUMIFS($BK:$BK,$N:$N,$N51) -> 22531337 | BR51: =SUMIFS($AY:$AY,$N:$N,$N51) -> 9162935.5 | BT51: =SUMIFS($BF:$BF,$C:$C,$C51) -> 24656652 | BU51: =SUMIFS($BL:$BL,$C:$C,$C51) -> 8989906.7 | BV51: =SUMIFS($BK:$BK,$C:$C,$C51) -> 15666745 | BW51: =SUMIFS($AY:$AY,$C:$C,$C51) -> 6164163 | BY51: =IF($K51="GEO-GSO",$AK51*Proton_Flare_InsLoss,0)*Q51 -> 469036.08 | BZ51: =IF(AND($K51="GEO-GSO",AL51="FUL"),$AK51*Proton_Flare_InsLoss,0)*$Q51 -> 469036.08 | CA51: =IF(AND($K51="GEO-GSO",AL51="FIID"),$AK51*Proton_Flare_InsLoss,0)*$Q51 -> 0 | CB51: =IF(AND($K51="GEO-GSO",AL51="FIBL"),$AK51*Proton_Flare_InsLoss,0)*$Q51 -> 0 | CC51: =IF($K51="GEO-GSO",(AK51*BG51-BJ51)*Proton_Flare_InsLoss,0)*Q51 -> 234518.04 | CD51: =IF($K51="GEO-GSO",$AK51*Proton_Flare_InsLoss,0)*$Q51*$R51*0.2 -> 0 | CR51: =IF(OR($K51="GEO-GSO",$K51="MEO"),$AK51*Generic_Defect_Loss,0)*$Q51*$P51 -> 938072.16 | CS51: =IF(AND(OR($K51="GEO-GSO",$K51="MEO"),$AL51=CS$19),$AK51*Generic_Defect_Loss,0)*$Q51*$P51 -> 938072.16 | CT51: =IF(AND(OR($K51="GEO-GSO",$K51="MEO"),$AL51=CT$19),$AK51*Generic_Defect_Loss,0)*$Q51*$P51 -> 0 | CU51: =IF(AND(OR($K51="GEO-GSO",$K51="MEO"),$AL51="FIBL"),$AK51*Generic_Defect_Loss,0)*$Q51*$P51 -> 0 | CV51: =IF(OR($K51="GEO-GSO",$K51="MEO"),($AK51*BG51-BJ51)*Generic_Defect_Loss,0)*$Q51*$P51 -> 469036.08 | CW51: =IF(OR($K51="GEO-GSO",$K51="MEO"),$AK51*Generic_Defect_Loss,0)*$Q51*$P51*$R51*0.2 -> 0 | CY51: =IF(OR($K51="GEO-GSO",$K51="MEO"),$AK51*Space_Debris_Loss,0)*$Q51*$AE51 -> 469036.08 | CZ51: =IF(AND(OR($K51="GEO-GSO",$K51="MEO"),$AL51=CZ$19),$AK51*Space_Debris_Loss,0)*$Q51*$AE51 -> 469036.08 | DA51: =IF(AND(OR($K51="GEO-GSO",$K51="MEO"),$AL51=DA$19),$AK51*Space_Debris_Loss,0)*$Q51*$AE51 -> 0 | DB51: =IF(AND(OR($K51="GEO-GSO",$K51="MEO"),$AL51="FIBL"),$AK51*Space_Debris_Loss,0)*$Q51*$AE51 -> 0 | DC51: =IF(OR($K51="GEO-GSO",$K51="MEO"),($AK51*BG51-BJ51)*Space_Debris_Loss,0)*$Q51*$AE51 -> 234518.04 | DD51: =IF(OR($K51="GEO-GSO",$K51="MEO"),$AK51*1,0)*$Q51*$AE51*$R51*0.2 -> 0
A52: =B52&"_"&C52 -> 344558_18 | B52: 344558 | C52: 18 | D52: =IFERROR(MATCH(C52,'[4]Custom Earning Pattern Not Popu'!$B$5:$B$428,0),"NA") -> NA | E52: Orbit | F52: 12 | G52: 10733 | H52: 40355 | I52: 45839 | J52: 46203 | K52: GEO-GSO | L52: 45839 | M52: 46203 | N52: SSL (Space Systems/Loral - Part of Maxar) | O52: SSL (Space Systems/Loral - Part of Maxar) | P52: =IFERROR(INDEX($P$10:$P$14,MATCH(DATEDIF($AC$15,M52,"M"),$O$10:$O$14,1)),0) -> 0.2 | Q52: 1 | R52: 0 | S52: =E52 -> Orbit | T52: NULL | U52: Eutelsat | V52: FIID | W52: ASO | X52: E7C | Y52: MAXAR 1300 | Z52: NULL | AA52: 3094813.6 | AC52: =IF(IF(K52="LEO",ROUNDUP(((M52-$AC$15)/30.5),0)*Q52,0)<0,0,IF(K52="LEO",ROUNDUP(((M52-$AC$15)/30.5),0)*Q52,0)) -> 0 | AD52: {=IF(AC52=0,0,INDEX(Summary!$S$4:$S$7,MATCH(AC52,Summary!$R$4:$R$7)+1))} -> 0 | AE52: =IFERROR(INDEX(Summary!$Y$4:$Y$6,MATCH('Input Data'!K52,Summary!$U$4:$U$6,0)),0) -> 0.05 | AF52: =IF(I52>=DATE(2024,7,1),TRUE,FALSE) -> TRUE | AG52: =IF(AF52,INDEX('IG Equity Share'!$B:$B,MATCH(YEAR(I52),'IG Equity Share'!$A:$A,0)),0) -> 0.075 | AH52: =AJ52*AG52*_xlfn.XLOOKUP(I52,'S3123 Consortium Share'!$A$3:$A$5,'S3123 Consortium Share'!$F$3:$F$5,,-1) -> 96712.925 | AI52: 1 | AJ52: =AA52 -> 3094813.6 | AK52: =AJ52/AI52*Q52 -> 3094813.6 | AL52: =V52 -> FIID | AM52: =YEAR(I52) -> 2025 | AO52: =+IF(AND($I52<=AO$8,$I52>=AO$7),$AK52*AO$11,0) -> 0 | AP52: =+IF(AND($I52<=AP$8,$I52>=AP$7),$AK52*AP$11,0) -> 0 | AQ52: =+IF(AND($I52<=AQ$8,$I52>=AQ$7),$AK52*AQ$11,0) -> 0 | AR52: =+IF(AND($I52<=AR$8,$I52>=AR$7),$AK52*AR$11,0) -> 0 | AS52: =+IF(AND($I52<=AS$8,$I52>=AS$7),$AK52*AS$11,0) -> 0 | AT52: =+IF(AND($I52<=AT$8,$I52>=AT$7),$AK52*AT$11,0) -> 0 | AU52: =+IF(AND($I52<=AU$8,$I52>=AU$7),$AK52*AU$11,0) -> 618962.72 | AV52: =+IF(AND($I52<=AV$8,$I52>=AV$7),$AK52*AV$11,0) -> 0 | AY52: =SUM(AO52:AX52) -> 618962.72 | AZ52: =+AO52+AP52 -> 0 | BB52: =+AK52-AY52 -> 2475850.9 | BC52: =SUM(AO52) -> 0 | BD52: =AND(AF52,NOT(ISNUMBER(MATCH(G52,Table1[Excluded Spacecraft ID],0)))) -> TRUE | BE52: =BD52*AK52*_xlfn.XLOOKUP(I52,Table2[Date From],Table2[Cession],"Error",-1)*_xlfn.XLOOKUP(I52,'S3123 Consortium Share'!$A$3:$A$5,'S3123 Consortium Share'!$F$3:$F$5,,-1) -> 257901.13 | BF52: =+BB52-BC52 -> 2475850.9 | BG52: {=IF(V52="FIBL",0,INDEX('IGR QS'!$A$1:$D$570,MATCH('Input Data'!V52&'Input Data'!W52&'Input Data'!AM52,'IGR QS'!A:A&'IGR QS'!B:B&'IGR QS'!C:C,0),4))} -> 0.85 | BH52: =+BF52*BG52 -> 2104473.2 | BI52: =+BF52-BH52 -> 371377.63 | BJ52: =IF(AND(V52=FIID,(BI52>FIID_Deductible)),MIN(BI52-FIID_Deductible,FIID_Limit),IF(AND(V52=FUL,(BI52>FUL_Deductible)),MIN(BI52-FUL_Deductible,FUL_Limit),0)) -> 0 | BK52: =BH52+BJ52 -> 2104473.2 | BL52: =+BI52-BJ52 -> 371377.63 | BN52: =SUMIFS($BL:$BL,$N:$N,$N52,$Q:$Q,1) -> 14120405 | BO52: =SUMIFS($BL:$BL,$N:$N,$N52,$Q:$Q,1,$AL:$AL,$BO$18) -> 12318062 | BP52: =SUMIFS($BL:$BL,$N:$N,$N52,$V:$V,BP$18) -> 1802342.8 | BQ52: =SUMIFS($BK:$BK,$N:$N,$N52) -> 22531337 | BR52: =SUMIFS($AY:$AY,$N:$N,$N52) -> 9162935.5 | BT52: =SUMIFS($BF:$BF,$C:$C,$C52) -> 2475850.9 | BU52: =SUMIFS($BL:$BL,$C:$C,$C52) -> 371377.63 | BV52: =SUMIFS($BK:$BK,$C:$C,$C52) -> 2104473.2 | BW52: =SUMIFS($AY:$AY,$C:$C,$C52) -> 618962.72 | BY52: =IF($K52="GEO-GSO",$AK52*Proton_Flare_InsLoss,0)*Q52 -> 154740.68 | BZ52: =IF(AND($K52="GEO-GSO",AL52="FUL"),$AK52*Proton_Flare_InsLoss,0)*$Q52 -> 0 | CA52: =IF(AND($K52="GEO-GSO",AL52="FIID"),$AK52*Proton_Flare_InsLoss,0)*$Q52 -> 154740.68 | CB52: =IF(AND($K52="GEO-GSO",AL52="FIBL"),$AK52*Proton_Flare_InsLoss,0)*$Q52 -> 0 | CC52: =IF($K52="GEO-GSO",(AK52*BG52-BJ52)*Proton_Flare_InsLoss,0)*Q52 -> 131529.58 | CD52: =IF($K52="GEO-GSO",$AK52*Proton_Flare_InsLoss,0)*$Q52*$R52*0.2 -> 0 | CR52: =IF(OR($K52="GEO-GSO",$K52="MEO"),$AK52*Generic_Defect_Loss,0)*$Q52*$P52 -> 309481.36 | CS52: =IF(AND(OR($K52="GEO-GSO",$K52="MEO"),$AL52=CS$19),$AK52*Generic_Defect_Loss,0)*$Q52*$P52 -> 0 | CT52: =IF(AND(OR($K52="GEO-GSO",$K52="MEO"),$AL52=CT$19),$AK52*Generic_Defect_Loss,0)*$Q52*$P52 -> 309481.36 | CU52: =IF(AND(OR($K52="GEO-GSO",$K52="MEO"),$AL52="FIBL"),$AK52*Generic_Defect_Loss,0)*$Q52*$P52 -> 0 | CV52: =IF(OR($K52="GEO-GSO",$K52="MEO"),($AK52*BG52-BJ52)*Generic_Defect_Loss,0)*$Q52*$P52 -> 263059.16 | CW52: =IF(OR($K52="GEO-GSO",$K52="MEO"),$AK52*Generic_Defect_Loss,0)*$Q52*$P52*$R52*0.2 -> 0 | CY52: =IF(OR($K52="GEO-GSO",$K52="MEO"),$AK52*Space_Debris_Loss,0)*$Q52*$AE52 -> 154740.68 | CZ52: =IF(AND(OR($K52="GEO-GSO",$K52="MEO"),$AL52=CZ$19),$AK52*Space_Debris_Loss,0)*$Q52*$AE52 -> 0 | DA52: =IF(AND(OR($K52="GEO-GSO",$K52="MEO"),$AL52=DA$19),$AK52*Space_Debris_Loss,0)*$Q52*$AE52 -> 154740.68 | DB52: =IF(AND(OR($K52="GEO-GSO",$K52="MEO"),$AL52="FIBL"),$AK52*Space_Debris_Loss,0)*$Q52*$AE52 -> 0 | DC52: =IF(OR($K52="GEO-GSO",$K52="MEO"),($AK52*BG52-BJ52)*Space_Debris_Loss,0)*$Q52*$AE52 -> 131529.58 | DD52: =IF(OR($K52="GEO-GSO",$K52="MEO"),$AK52*1,0)*$Q52*$AE52*$R52*0.2 -> 0
A53: =B53&"_"&C53 -> 344558_19 | B53: 344558 | C53: 19 | D53: =IFERROR(MATCH(C53,'[4]Custom Earning Pattern Not Popu'!$B$5:$B$428,0),"NA") -> NA | E53: Orbit | F53: 12 | G53: 13924 | H53: 43501 | I53: 45839 | J53: 46203 | K53: GEO-GSO | L53: 45839 | M53: 46203 | N53: Thales Alenia Space France (Cannes) | O53: Thales Alenia Space France (Cannes) | P53: =IFERROR(INDEX($P$10:$P$14,MATCH(DATEDIF($AC$15,M53,"M"),$O$10:$O$14,1)),0) -> 0.2 | Q53: 1 | R53: 0 | S53: =E53 -> Orbit | T53: NULL | U53: Eutelsat | V53: FIID | W53: ASO | X53: Konnect | Y53: SPACEBUS NEO | Z53: NULL | AA53: 8602524.4 | AC53: =IF(IF(K53="LEO",ROUNDUP(((M53-$AC$15)/30.5),0)*Q53,0)<0,0,IF(K53="LEO",ROUNDUP(((M53-$AC$15)/30.5),0)*Q53,0)) -> 0 | AD53: {=IF(AC53=0,0,INDEX(Summary!$S$4:$S$7,MATCH(AC53,Summary!$R$4:$R$7)+1))} -> 0 | AE53: =IFERROR(INDEX(Summary!$Y$4:$Y$6,MATCH('Input Data'!K53,Summary!$U$4:$U$6,0)),0) -> 0.05 | AF53: =IF(I53>=DATE(2024,7,1),TRUE,FALSE) -> TRUE | AG53: =IF(AF53,INDEX('IG Equity Share'!$B:$B,MATCH(YEAR(I53),'IG Equity Share'!$A:$A,0)),0) -> 0.075 | AH53: =AJ53*AG53*_xlfn.XLOOKUP(I53,'S3123 Consortium Share'!$A$3:$A$5,'S3123 Consortium Share'!$F$3:$F$5,,-1) -> 268828.89 | AI53: 1 | AJ53: =AA53 -> 8602524.4 | AK53: =AJ53/AI53*Q53 -> 8602524.4 | AL53: =V53 -> FIID | AM53: =YEAR(I53) -> 2025 | AO53: =+IF(AND($I53<=AO$8,$I53>=AO$7),$AK53*AO$11,0) -> 0 | AP53: =+IF(AND($I53<=AP$8,$I53>=AP$7),$AK53*AP$11,0) -> 0 | AQ53: =+IF(AND($I53<=AQ$8,$I53>=AQ$7),$AK53*AQ$11,0) -> 0 | AR53: =+IF(AND($I53<=AR$8,$I53>=AR$7),$AK53*AR$11,0) -> 0 | AS53: =+IF(AND($I53<=AS$8,$I53>=AS$7),$AK53*AS$11,0) -> 0 | AT53: =+IF(AND($I53<=AT$8,$I53>=AT$7),$AK53*AT$11,0) -> 0 | AU53: =+IF(AND($I53<=AU$8,$I53>=AU$7),$AK53*AU$11,0) -> 1720504.9 | AV53: =+IF(AND($I53<=AV$8,$I53>=AV$7),$AK53*AV$11,0) -> 0 | AY53: =SUM(AO53:AX53) -> 1720504.9 | AZ53: =+AO53+AP53 -> 0 | BB53: =+AK53-AY53 -> 6882019.5 | BC53: =SUM(AO53) -> 0 | BD53: =AND(AF53,NOT(ISNUMBER(MATCH(G53,Table1[Excluded Spacecraft ID],0)))) -> TRUE | BE53: =BD53*AK53*_xlfn.XLOOKUP(I53,Table2[Date From],Table2[Cession],"Error",-1)*_xlfn.XLOOKUP(I53,'S3123 Consortium Share'!$A$3:$A$5,'S3123 Consortium Share'!$F$3:$F$5,,-1) -> 716877.03 | BF53: =+BB53-BC53 -> 6882019.5 | BG53: {=IF(V53="FIBL",0,INDEX('IGR QS'!$A$1:$D$570,MATCH('Input Data'!V53&'Input Data'!W53&'Input Data'!AM53,'IGR QS'!A:A&'IGR QS'!B:B&'IGR QS'!C:C,0),4))} -> 0.85 | BH53: =+BF53*BG53 -> 5849716.6 | BI53: =+BF53-BH53 -> 1032302.9 | BJ53: =IF(AND(V53=FIID,(BI53>FIID_Deductible)),MIN(BI53-FIID_Deductible,FIID_Limit),IF(AND(V53=FUL,(BI53>FUL_Deductible)),MIN(BI53-FUL_Deductible,FUL_Limit),0)) -> 0 | BK53: =BH53+BJ53 -> 5849716.6 | BL53: =+BI53-BJ53 -> 1032302.9 | BN53: =SUMIFS($BL:$BL,$N:$N,$N53,$Q:$Q,1) -> 33962303 | BO53: =SUMIFS($BL:$BL,$N:$N,$N53,$Q:$Q,1,$AL:$AL,$BO$18) -> 20011429 | BP53: =SUMIFS($BL:$BL,$N:$N,$N53,$V:$V,BP$18) -> 13950874 | BQ53: =SUMIFS($BK:$BK,$N:$N,$N53) -> 99066383 | BR53: =SUMIFS($AY:$AY,$N:$N,$N53) -> 33257171 | BT53: =SUMIFS($BF:$BF,$C:$C,$C53) -> 6882019.5 | BU53: =SUMIFS($BL:$BL,$C:$C,$C53) -> 1032302.9 | BV53: =SUMIFS($BK:$BK,$C:$C,$C53) -> 5849716.6 | BW53: =SUMIFS($AY:$AY,$C:$C,$C53) -> 1720504.9 | BY53: =IF($K53="GEO-GSO",$AK53*Proton_Flare_InsLoss,0)*Q53 -> 430126.22 | BZ53: =IF(AND($K53="GEO-GSO",AL53="FUL"),$AK53*Proton_Flare_InsLoss,0)*$Q53 -> 0 | CA53: =IF(AND($K53="GEO-GSO",AL53="FIID"),$AK53*Proton_Flare_InsLoss,0)*$Q53 -> 430126.22 | CB53: =IF(AND($K53="GEO-GSO",AL53="FIBL"),$AK53*Proton_Flare_InsLoss,0)*$Q53 -> 0 | CC53: =IF($K53="GEO-GSO",(AK53*BG53-BJ53)*Proton_Flare_InsLoss,0)*Q53 -> 365607.29 | CD53: =IF($K53="GEO-GSO",$AK53*Proton_Flare_InsLoss,0)*$Q53*$R53*0.2 -> 0 | CR53: =IF(OR($K53="GEO-GSO",$K53="MEO"),$AK53*Generic_Defect_Loss,0)*$Q53*$P53 -> 860252.44 | CS53: =IF(AND(OR($K53="GEO-GSO",$K53="MEO"),$AL53=CS$19),$AK53*Generic_Defect_Loss,0)*$Q53*$P53 -> 0 | CT53: =IF(AND(OR($K53="GEO-GSO",$K53="MEO"),$AL53=CT$19),$AK53*Generic_Defect_Loss,0)*$Q53*$P53 -> 860252.44 | CU53: =IF(AND(OR($K53="GEO-GSO",$K53="MEO"),$AL53="FIBL"),$AK53*Generic_Defect_Loss,0)*$Q53*$P53 -> 0 | CV53: =IF(OR($K53="GEO-GSO",$K53="MEO"),($AK53*BG53-BJ53)*Generic_Defect_Loss,0)*$Q53*$P53 -> 731214.57 | CW53: =IF(OR($K53="GEO-GSO",$K53="MEO"),$AK53*Generic_Defect_Loss,0)*$Q53*$P53*$R53*0.2 -> 0 | CY53: =IF(OR($K53="GEO-GSO",$K53="MEO"),$AK53*Space_Debris_Loss,0)*$Q53*$AE53 -> 430126.22 | CZ53: =IF(AND(OR($K53="GEO-GSO",$K53="MEO"),$AL53=CZ$19),$AK53*Space_Debris_Loss,0)*$Q53*$AE53 -> 0 | DA53: =IF(AND(OR($K53="GEO-GSO",$K53="MEO"),$AL53=DA$19),$AK53*Space_Debris_Loss,0)*$Q53*$AE53 -> 430126.22 | DB53: =IF(AND(OR($K53="GEO-GSO",$K53="MEO"),$AL53="FIBL"),$AK53*Space_Debris_Loss,0)*$Q53*$AE53 -> 0 | DC53: =IF(OR($K53="GEO-GSO",$K53="MEO"),($AK53*BG53-BJ53)*Space_Debris_Loss,0)*$Q53*$AE53 -> 365607.29 | DD53: =IF(OR($K53="GEO-GSO",$K53="MEO"),$AK53*1,0)*$Q53*$AE53*$R53*0.2 -> 0
A54: =B54&"_"&C54 -> 344558_21 | B54: 344558 | C54: 21 | D54: =IFERROR(MATCH(C54,'[4]Custom Earning Pattern Not Popu'!$B$5:$B$428,0),"NA") -> NA | E54: Orbit | F54: 12 | G54: 10519 | H54: 40355 | I54: 45839 | J54: 46203 | K54: GEO-GSO | L54: 45839 | M54: 46203 | N54: Thales Alenia Space France (Cannes) | O54: Thales Alenia Space France (Cannes) | P54: =IFERROR(INDEX($P$10:$P$14,MATCH(DATEDIF($AC$15,M54,"M"),$O$10:$O$14,1)),0) -> 0.2 | Q54: 1 | R54: 0 | S54: =E54 -> Orbit | T54: NULL | U54: Eutelsat | V54: FIID | W54: ASO | X54: K-VHTS | Y54: SPACEBUS NEO | Z54: NULL | AA54: 16937675 | AC54: =IF(IF(K54="LEO",ROUNDUP(((M54-$AC$15)/30.5),0)*Q54,0)<0,0,IF(K54="LEO",ROUNDUP(((M54-$AC$15)/30.5),0)*Q54,0)) -> 0 | AD54: {=IF(AC54=0,0,INDEX(Summary!$S$4:$S$7,MATCH(AC54,Summary!$R$4:$R$7)+1))} -> 0 | AE54: =IFERROR(INDEX(Summary!$Y$4:$Y$6,MATCH('Input Data'!K54,Summary!$U$4:$U$6,0)),0) -> 0.05 | AF54: =IF(I54>=DATE(2024,7,1),TRUE,FALSE) -> TRUE | AG54: =IF(AF54,INDEX('IG Equity Share'!$B:$B,MATCH(YEAR(I54),'IG Equity Share'!$A:$A,0)),0) -> 0.075 | AH54: =AJ54*AG54*_xlfn.XLOOKUP(I54,'S3123 Consortium Share'!$A$3:$A$5,'S3123 Consortium Share'!$F$3:$F$5,,-1) -> 529302.36 | AI54: 1 | AJ54: =AA54 -> 16937675 | AK54: =AJ54/AI54*Q54 -> 16937675 | AL54: =V54 -> FIID | AM54: =YEAR(I54) -> 2025 | AO54: =+IF(AND($I54<=AO$8,$I54>=AO$7),$AK54*AO$11,0) -> 0 | AP54: =+IF(AND($I54<=AP$8,$I54>=AP$7),$AK54*AP$11,0) -> 0 | AQ54: =+IF(AND($I54<=AQ$8,$I54>=AQ$7),$AK54*AQ$11,0) -> 0 | AR54: =+IF(AND($I54<=AR$8,$I54>=AR$7),$AK54*AR$11,0) -> 0 | AS54: =+IF(AND($I54<=AS$8,$I54>=AS$7),$AK54*AS$11,0) -> 0 | AT54: =+IF(AND($I54<=AT$8,$I54>=AT$7),$AK54*AT$11,0) -> 0 | AU54: =+IF(AND($I54<=AU$8,$I54>=AU$7),$AK54*AU$11,0) -> 3387535.1 | AV54: =+IF(AND($I54<=AV$8,$I54>=AV$7),$AK54*AV$11,0) -> 0 | AY54: =SUM(AO54:AX54) -> 3387535.1 | AZ54: =+AO54+AP54 -> 0 | BB54: =+AK54-AY54 -> 13550140 | BC54: =SUM(AO54) -> 0 | BD54: =AND(AF54,NOT(ISNUMBER(MATCH(G54,Table1[Excluded Spacecraft ID],0)))) -> TRUE | BE54: =BD54*AK54*_xlfn.XLOOKUP(I54,Table2[Date From],Table2[Cession],"Error",-1)*_xlfn.XLOOKUP(I54,'S3123 Consortium Share'!$A$3:$A$5,'S3123 Consortium Share'!$F$3:$F$5,,-1) -> 1411473 | BF54: =+BB54-BC54 -> 13550140 | BG54: {=IF(V54="FIBL",0,INDEX('IGR QS'!$A$1:$D$570,MATCH('Input Data'!V54&'Input Data'!W54&'Input Data'!AM54,'IGR QS'!A:A&'IGR QS'!B:B&'IGR QS'!C:C,0),4))} -> 0.85 | BH54: =+BF54*BG54 -> 11517619 | BI54: =+BF54-BH54 -> 2032521.1 | BJ54: =IF(AND(V54=FIID,(BI54>FIID_Deductible)),MIN(BI54-FIID_Deductible,FIID_Limit),IF(AND(V54=FUL,(BI54>FUL_Deductible)),MIN(BI54-FUL_Deductible,FUL_Limit),0)) -> 0 | BK54: =BH54+BJ54 -> 11517619 | BL54: =+BI54-BJ54 -> 2032521.1 | BN54: =SUMIFS($BL:$BL,$N:$N,$N54,$Q:$Q,1) -> 33962303 | BO54: =SUMIFS($BL:$BL,$N:$N,$N54,$Q:$Q,1,$AL:$AL,$BO$18) -> 20011429 | BP54: =SUMIFS($BL:$BL,$N:$N,$N54,$V:$V,BP$18) -> 13950874 | BQ54: =SUMIFS($BK:$BK,$N:$N,$N54) -> 99066383 | BR54: =SUMIFS($AY:$AY,$N:$N,$N54) -> 33257171 | BT54: =SUMIFS($BF:$BF,$C:$C,$C54) -> 13550140 | BU54: =SUMIFS($BL:$BL,$C:$C,$C54) -> 2032521.1 | BV54: =SUMIFS($BK:$BK,$C:$C,$C54) -> 11517619 | BW54: =SUMIFS($AY:$AY,$C:$C,$C54) -> 3387535.1 | BY54: =IF($K54="GEO-GSO",$AK54*Proton_Flare_InsLoss,0)*Q54 -> 846883.77 | BZ54: =IF(AND($K54="GEO-GSO",AL54="FUL"),$AK54*Proton_Flare_InsLoss,0)*$Q54 -> 0 | CA54: =IF(AND($K54="GEO-GSO",AL54="FIID"),$AK54*Proton_Flare_InsLoss,0)*$Q54 -> 846883.77 | CB54: =IF(AND($K54="GEO-GSO",AL54="FIBL"),$AK54*Proton_Flare_InsLoss,0)*$Q54 -> 0 | CC54: =IF($K54="GEO-GSO",(AK54*BG54-BJ54)*Proton_Flare_InsLoss,0)*Q54 -> 719851.21 | CD54: =IF($K54="GEO-GSO",$AK54*Proton_Flare_InsLoss,0)*$Q54*$R54*0.2 -> 0 | CR54: =IF(OR($K54="GEO-GSO",$K54="MEO"),$AK54*Generic_Defect_Loss,0)*$Q54*$P54 -> 1693767.5 | CS54: =IF(AND(OR($K54="GEO-GSO",$K54="MEO"),$AL54=CS$19),$AK54*Generic_Defect_Loss,0)*$Q54*$P54 -> 0 | CT54: =IF(AND(OR($K54="GEO-GSO",$K54="MEO"),$AL54=CT$19),$AK54*Generic_Defect_Loss,0)*$Q54*$P54 -> 1693767.5 | CU54: =IF(AND(OR($K54="GEO-GSO",$K54="MEO"),$AL54="FIBL"),$AK54*Generic_Defect_Loss,0)*$Q54*$P54 -> 0 | CV54: =IF(OR($K54="GEO-GSO",$K54="MEO"),($AK54*BG54-BJ54)*Generic_Defect_Loss,0)*$Q54*$P54 -> 1439702.4 | CW54: =IF(OR($K54="GEO-GSO",$K54="MEO"),$AK54*Generic_Defect_Loss,0)*$Q54*$P54*$R54*0.2 -> 0 | CY54: =IF(OR($K54="GEO-GSO",$K54="MEO"),$AK54*Space_Debris_Loss,0)*$Q54*$AE54 -> 846883.77 | CZ54: =IF(AND(OR($K54="GEO-GSO",$K54="MEO"),$AL54=CZ$19),$AK54*Space_Debris_Loss,0)*$Q54*$AE54 -> 0 | DA54: =IF(AND(OR($K54="GEO-GSO",$K54="MEO"),$AL54=DA$19),$AK54*Space_Debris_Loss,0)*$Q54*$AE54 -> 846883.77 | DB54: =IF(AND(OR($K54="GEO-GSO",$K54="MEO"),$AL54="FIBL"),$AK54*Space_Debris_Loss,0)*$Q54*$AE54 -> 0 | DC54: =IF(OR($K54="GEO-GSO",$K54="MEO"),($AK54*BG54-BJ54)*Space_Debris_Loss,0)*$Q54*$AE54 -> 719851.21 | DD54: =IF(OR($K54="GEO-GSO",$K54="MEO"),$AK54*1,0)*$Q54*$AE54*$R54*0.2 -> 0
